timestamp,wind_speed,wind_direction,temperature,pressure,relative_humidity,rain,no2,pm1,pm25,pm10,o3
2024-01-01 00:06:02,0.5,198,8.5,998,88.3,1,37,3,4,4,51
2024-01-01 00:21:20,0.8,180,8.3,998,90.1,0.7,42,3,4,4,54
2024-01-01 00:36:37,0.9,126,8.2,997,91.3,0.2,35,2,3,3,50
2024-01-01 00:51:56,0.8,180,8.2,998,92,0.9,35,2,3,3,53
2024-01-01 01:07:13,0.5,126,8.2,998,92.3,0.4,32,2,3,3,52
2024-01-01 01:22:31,1.4,144,8.1,998,92.7,0.3,44,1,2,2,57
2024-01-01 01:37:49,0.6,144,8.2,998,92.5,0.9,53,1,2,2,60
2024-01-01 01:53:06,0.6,162,8,998,92.8,0.5,45,2,3,3,56
2024-01-01 02:08:23,1.2,108,8,998,92.8,0.5,40,0,1,1,58
2024-01-01 02:23:42,0.8,180,8,998,92.1,0.3,40,1,2,2,53
2024-01-01 02:38:59,1.4,90,8.1,998,91.8,0.3,49,2,3,3,58
2024-01-01 02:54:17,1.3,90,8,999,91.7,0.3,34,0,1,1,55
2024-01-01 03:09:35,0.5,180,8,999,91.8,0.5,54,1,2,2,55
2024-01-01 03:24:53,0.5,180,8,999,91.6,0.5,39,1,2,2,52
2024-01-01 03:40:11,0.6,180,8,999,91.4,0.5,34,1,2,2,52
2024-01-01 03:55:29,0.6,180,8,999,91.7,1,43,1,2,2,59
2024-01-01 04:10:46,0.3,198,7.9,999,92.3,0.9,39,1,2,2,55
2024-01-01 04:26:04,1.7,108,7.7,999,92.9,0.2,44,1,2,2,57
2024-01-01 04:41:21,0.7,144,7.7,999,92.9,0.2,38,0,1,1,54
2024-01-01 04:56:40,0.8,162,7.8,999,92.7,0.2,38,0,1,1,55
2024-01-01 05:11:57,0.8,180,7.8,999,92.5,0.1,37,0,1,1,54
2024-01-01 05:27:15,0.8,144,7.7,999,92.5,0,44,0,1,1,53
2024-01-01 05:42:34,1.1,144,7.9,999,92.9,0,34,1,2,2,53
2024-01-01 05:57:51,0.7,162,7.8,1000,93.2,0.7,33,0,1,1,54
2024-01-01 06:13:09,0.9,108,7.6,1000,94.1,0.5,38,1,2,2,54
2024-01-01 06:28:27,1,144,7.6,1000,94.7,1,43,0,1,1,52
2024-01-01 06:43:45,1,162,7.6,1000,95,0.3,39,1,2,2,54
2024-01-01 06:59:02,0.7,198,7.7,1001,95.2,0.2,32,0,1,1,48
2024-01-01 07:14:19,0.4,180,7.7,1001,95.2,0.4,29,0,1,1,50
2024-01-01 07:29:37,1.3,108,7.7,1001,95.5,0.6,39,0,1,1,55
2024-01-01 09:02:08,0.7,162,8.1,1003,94.9,0,29,0,1,1,52
2024-01-01 09:17:26,0.5,144,8.3,1003,94.4,0,29,0,1,1,50
2024-01-01 09:32:42,0.7,198,8.6,1003,93.4,0,38,0,1,1,51
2024-01-01 09:48:00,0.1,180,8.6,1003,93,0,43,1,2,2,51
2024-01-01 10:03:18,1.2,144,8.7,1003,92.7,0,41,2,3,3,55
2024-01-01 10:18:36,1.3,144,9,1004,92.4,0,29,2,3,3,50
2024-01-01 10:33:54,1.1,144,9.3,1004,91.6,0,36,2,3,4,49
2024-01-01 10:49:12,0.9,180,9.6,1004,90.5,0,27,2,3,3,48
2024-01-01 11:04:29,1.1,144,9.8,1004,89.4,0,35,2,3,4,54
2024-01-01 11:19:47,1,180,9.9,1004,88.9,0,34,2,3,3,51
2024-01-01 11:35:04,1,126,9.9,1004,88.3,0,35,3,4,4,52
2024-01-01 11:50:21,1.1,198,9.9,1004,88.2,0,36,2,3,4,49
2024-01-01 12:05:39,0.7,162,9.9,1004,88.1,0,35,2,3,4,51
2024-01-01 12:20:56,0.8,162,10,1004,87.9,0,23,2,3,3,49
2024-01-01 12:36:14,0.9,90,10.1,1004,87.8,0,36,3,4,4,46
2024-01-01 12:51:30,1,144,10.3,1004,86.7,0,24,2,3,3,46
2024-01-01 13:06:49,0.9,126,10.3,1004,86.6,0,27,3,4,4,51
2024-01-01 13:22:06,0.7,198,10.2,1004,86,0,30,3,4,4,49
2024-01-01 13:37:22,0.6,180,10,1004,86.5,0,38,2,3,4,51
2024-01-01 13:52:40,0.5,180,10.2,1005,86.5,0,37,3,4,4,49
2024-01-01 14:07:58,1.2,144,10,1005,86.3,0,28,3,4,4,50
2024-01-01 14:23:15,0.5,198,9.8,1005,86.7,0,28,2,3,3,50
2024-01-01 14:38:32,0.6,162,9.7,1005,87.1,0,33,2,3,3,48
2024-01-01 14:53:49,0.5,144,9.6,1005,87.1,0,28,3,4,4,48
2024-01-01 15:09:06,0.7,180,9.3,1005,87.7,0,37,2,3,4,49
2024-01-01 15:24:22,0.9,108,9.2,1005,87.8,0,38,2,3,4,46
2024-01-01 15:39:40,0.5,126,9.3,1005,87.8,0,18,2,3,3,41
2024-01-01 15:54:58,0.5,144,9.3,1005,86.7,0,31,1,2,2,53
2024-01-01 16:10:16,0.5,198,9.3,1005,83.9,0,22,0,1,1,47
2024-01-01 16:25:33,1.8,108,9.3,1005,83.4,0,59,0,1,1,60
2024-01-01 16:40:50,0.7,144,9.2,1005,85.9,0,33,1,2,2,52
2024-01-01 16:56:08,0.3,126,9,1005,87.8,0.3,32,1,2,2,49
2024-01-01 17:11:25,0.5,126,8.8,1005,89.8,0.9,32,2,3,3,46
2024-01-01 17:26:43,0.4,126,8.6,1005,91.3,1,24,3,4,4,43
2024-01-01 17:42:01,0.5,90,8.5,1005,92.2,0.4,22,3,4,4,40
2024-01-01 17:57:18,0.1,108,8.5,1005,93,0.3,17,4,5,6,38
2024-01-01 18:12:37,0.1,144,8.5,1005,93.4,0.4,22,4,6,6,41
2024-01-01 18:27:54,0.2,108,8.5,1004,93.7,0.4,45,3,4,4,48
2024-01-01 18:43:10,0.3,108,8.4,1004,93.7,0.3,26,3,5,5,38
2024-01-01 18:58:28,0.4,144,8.5,1004,93.8,0.3,27,4,6,6,42
2024-01-01 19:13:45,0.3,126,8.4,1004,93.6,0.3,23,5,7,7,39
2024-01-01 19:29:03,0,216,8.3,1003,93.8,0.2,19,4,5,6,37
2024-01-01 19:44:21,0.6,108,8.4,1003,94.1,0.2,28,5,7,8,38
2024-01-01 19:59:39,0.7,126,8.6,1003,94.1,0.1,21,3,5,5,40
2024-01-01 20:14:54,0.4,144,8.7,1002,93.8,0.3,20,2,3,3,44
2024-01-01 20:30:12,0.8,144,8.9,1002,93.4,0.3,27,1,2,2,45
2024-01-01 20:45:30,1.2,108,9.2,1002,92.8,0.3,21,1,2,2,44
2024-01-01 21:00:47,0.8,108,9.4,1001,92.2,0.3,21,0,1,1,42
2024-01-01 21:16:04,0.3,144,9.5,1001,92,0.2,31,1,2,2,45
2024-01-01 21:31:22,0.9,162,9.6,1001,92,0.2,32,1,2,2,48
2024-01-01 21:46:39,0.5,162,9.6,1001,92.3,0.2,32,0,1,1,51
2024-01-01 22:01:56,0.4,117,9.6,1000,92.8,0.4,21,0,1,1,47
2024-01-01 22:17:14,0.5,144,9.5,1000,93.5,0.6,33,0,1,1,48
2024-01-01 22:32:31,0.8,162,9.4,999,94.5,0.5,31,0,1,1,48
2024-01-01 22:47:49,0.7,90,9.4,999,95.2,0.5,36,0,1,1,51
2024-01-01 23:03:05,0.7,126,9.3,998,95.7,0.8,22,0,1,1,48
2024-01-01 23:18:23,0.9,126,9.2,998,96.3,1,17,0,1,1,42
2024-01-01 23:33:39,1.1,108,9.2,997,96.7,0.4,30,0,1,1,46
2024-01-01 23:48:50,0.8,180,9.2,997,97.1,0,29,0,0,0,45
2024-01-02 00:04:02,1.2,108,9.1,996,97.6,0,25,0,0,0,48
2024-01-02 00:19:12,1.4,90,9.2,996,98.1,0,24,0,0,0,49
2024-01-02 00:34:25,2.2,108,9.2,995,98.6,0,30,0,0,0,53
2024-01-02 00:49:36,0.4,162,9.3,995,98.7,0,24,0,0,0,46
2024-01-02 01:04:46,0.6,180,9.4,994,98.9,0,21,0,0,0,41
2024-01-02 01:19:53,1.2,126,9.5,994,99.3,0,28,0,0,0,50
2024-01-02 01:35:01,0.8,90,9.7,993,99.6,0,28,0,0,0,49
2024-01-02 01:50:08,0.9,144,9.8,993,99.8,0,35,0,0,0,47
2024-01-02 02:05:15,0.6,162,10,992,99.9,0,39,0,0,0,50
2024-01-02 02:20:22,0.5,126,10.2,992,100,0,24,0,0,0,47
2024-01-02 02:35:29,1.3,126,10.4,992,100,0,40,0,0,0,55
2024-01-02 02:50:35,0.9,162,10.6,992,100,0,24,0,0,0,49
2024-01-02 03:05:42,0.7,198,10.7,991,100,0,25,0,0,0,48
2024-01-02 03:20:49,0.9,162,10.9,991,100,0,30,0,0,0,52
2024-01-02 03:35:56,1,126,11.1,991,100,0,28,0,0,0,49
2024-01-02 03:51:03,1.1,144,11.4,991,100,0,35,0,0,0,46
2024-01-02 04:06:08,0.8,180,11.6,991,100,0,26,0,0,0,48
2024-01-02 04:21:16,1.5,108,11.7,991,100,0,30,0,0,0,49
2024-01-02 04:36:22,1.4,144,11.8,991,100,0,31,0,0,0,50
2024-01-02 04:51:28,1.4,144,11.9,991,100,0,33,0,0,0,51
2024-01-02 05:06:36,0.4,126,11.9,992,100,0,20,0,0,0,48
2024-01-02 05:21:41,1.3,108,12,991,100,0,34,0,0,0,44
2024-01-02 05:36:48,1,144,12.1,992,100,0,34,0,0,0,53
2024-01-02 05:51:55,1.3,180,12.3,992,100,0,34,0,0,0,44
2024-01-02 06:52:20,0.3,198,12.3,992,100,0,18,0,0,0,41
2024-01-02 07:07:27,1.3,126,12.3,992,100,0,27,0,0,0,45
2024-01-02 07:22:34,0.9,108,12.4,992,100,0,25,0,0,0,41
2024-01-02 07:37:40,0.9,90,12.4,992,100,0,28,0,0,0,45
2024-01-02 07:52:47,1,90,12.4,992,100,0,27,0,0,0,39
2024-01-02 08:07:53,0.8,180,12.5,992,100,0,29,0,0,0,43
2024-01-02 08:22:59,0.5,144,12.6,992,100,0,22,0,0,0,41
2024-01-02 08:53:12,0.7,180,12.7,992,100,0,32,1,2,2,42
2024-01-02 09:08:19,0.7,180,12.7,992,100,0,25,1,2,2,43
2024-01-02 09:23:25,0.7,162,12.7,992,100,0,20,0,0,0,38
2024-01-02 09:38:31,0.6,144,12.6,992,100,0,27,0,0,0,42
2024-01-02 09:53:37,1.5,144,12.4,992,100,0,23,0,0,0,39
2024-01-02 10:08:44,0.8,162,12.3,991,100,0,21,0,0,0,39
2024-01-02 10:23:50,1.1,144,12.1,991,100,0,27,0,0,0,41
2024-01-02 10:38:57,0.4,144,12,990,100,0,25,0,0,0,43
2024-01-02 10:54:03,0.7,180,12,990,100,0,20,0,0,0,40
2024-01-02 11:09:14,1.2,108,12,990,100,0,23,0,0,0,39
2024-01-02 11:24:22,0.8,108,12,990,100,0,27,0,0,0,45
2024-01-02 11:39:27,1.2,90,12,989,100,0,18,0,0,0,41
2024-01-02 11:54:34,0.6,126,12.1,989,100,0,30,0,1,1,42
2024-01-02 12:09:41,1.3,126,12.2,989,100,0,28,0,0,0,43
2024-01-02 12:24:47,1,144,12.4,988,100,0,32,0,0,0,46
2024-01-02 12:39:54,0.6,162,12.6,988,100,0,19,0,0,0,42
2024-01-02 12:55:00,0.8,126,12.8,988,100,0,19,0,0,0,45
2024-01-02 13:10:07,1,144,13.1,987,100,0,25,0,0,0,44
2024-01-02 13:25:14,0.6,135,13.1,987,100,0,34,0,0,0,48
2024-01-02 13:40:19,0.8,90,12.9,986,100,0,28,0,0,0,45
2024-01-02 13:55:26,1.4,126,12.9,986,100,0,29,0,0,0,47
2024-01-02 14:10:32,1.1,144,12.7,985,100,0,25,0,0,0,43
2024-01-02 14:25:39,1,162,12.5,985,100,0,18,0,0,0,44
2024-01-02 14:40:45,0.8,144,12.5,985,100,0,29,0,0,0,45
2024-01-02 14:55:52,2.1,198,12.5,984,100,0,31,0,0,0,49
2024-01-02 15:10:59,1,126,12.5,984,100,0,29,0,0,0,48
2024-01-02 15:26:05,1.3,108,12.5,984,100,0,24,0,0,0,43
2024-01-02 15:41:11,1.7,144,12.5,984,100,0,19,0,0,0,41
2024-01-02 15:56:19,1.8,144,12.5,984,100,0,18,0,0,0,45
2024-01-02 16:11:24,0.9,162,12.6,984,100,0,23,0,1,1,44
2024-01-02 16:26:31,1.5,126,12.6,984,100,0,27,0,0,0,43
2024-01-02 16:41:38,0.7,162,12.6,984,100,0,25,0,0,0,43
2024-01-02 16:56:44,0.9,117,12.7,984,100,0,43,0,0,0,48
2024-01-02 17:11:50,0.9,144,12.7,984,100,0,34,0,0,0,46
2024-01-02 17:27:02,0.7,180,12.7,984,100,0,17,0,0,0,47
2024-01-02 17:42:11,1.4,180,12.6,984,100,0,37,0,0,0,51
2024-01-02 17:57:18,0.8,126,12.7,984,100,0,34,1,2,2,49
2024-01-02 18:12:25,0.6,198,12.8,985,98.8,0,47,1,2,2,57
2024-01-02 18:27:32,1,198,12.7,985,97.7,0,43,0,1,2,52
2024-01-02 18:42:38,1.5,144,12.8,985,96.8,0,49,1,2,2,53
2024-01-02 18:57:45,0.8,162,12.8,985,95.8,0,54,1,2,2,61
2024-01-02 19:12:51,2.2,126,12.7,985,95.4,0,55,1,2,2,58
2024-01-02 19:28:01,2,108,12.2,986,96.6,0,40,1,2,3,58
2024-01-02 19:43:12,0.8,198,11.8,986,98.1,0,39,1,2,2,49
2024-01-02 19:58:22,0.8,180,11.7,986,98.5,0,56,0,1,1,54
2024-01-02 20:13:38,0.9,126,11.9,986,97.3,0,59,1,2,2,64
2024-01-02 20:28:43,1.1,252,11.9,986,95.7,0,37,1,2,2,60
2024-01-02 20:43:54,1.3,162,12.1,986,94.4,0,54,1,2,2,63
2024-01-02 20:59:01,1.3,162,12.2,987,93.8,0,48,1,2,2,56
2024-01-02 21:14:12,1,234,11.7,987,95.2,0,30,2,3,3,55
2024-01-02 21:29:18,0.6,216,11.8,987,94.6,0,58,2,3,4,61
2024-01-02 21:44:25,0.6,180,12,987,93.4,0,48,1,2,2,57
2024-01-02 21:59:33,0.8,216,12.1,987,92.3,0,42,2,3,3,59
2024-01-02 22:14:39,0.3,162,12.1,987,91.9,0,57,2,3,3,57
2024-01-02 22:29:45,1.2,144,12.1,988,92,0,33,1,2,3,48
2024-01-16 11:23:35,1.6,151,2.3,1007,89.5,0.2,19,6,8,9,38
2024-01-16 11:38:53,1.3,152,3.1,1007,86.9,0.2,17,7,10,11,32
2024-01-16 11:54:09,0.5,274,3.6,1007,84.8,0.1,17,7,9,10,31
2024-01-16 12:09:27,0.8,173,3.6,1006,82.9,0.1,19,5,7,8,29
2024-01-16 12:24:44,0.8,151,3.5,1006,82.1,0.1,18,5,7,8,31
2024-01-16 12:40:01,0.9,180,3.5,1006,81.4,0,17,8,11,12,31
2024-01-16 12:55:17,1,155,3.7,1006,81.1,0,17,5,7,8,32
2024-01-16 13:10:35,1.3,164,3.8,1006,80.2,0,20,5,7,8,33
2024-01-16 13:41:17,1.2,157,3.7,1006,79.1,0,20,5,7,8,30
2024-01-16 13:56:35,1.3,162,3.7,1005,78.7,0,23,6,8,9,33
2024-01-16 14:11:52,0.5,261,3.7,1005,78.6,0,18,5,7,7,29
2024-01-16 14:27:10,0.9,148,3.6,1005,77.8,0,25,4,6,6,34
2024-01-16 14:42:26,0.5,194,3.4,1005,77.2,0,17,6,9,9,31
2024-01-16 14:57:42,0.4,231,3.1,1005,76.4,0,17,4,5,5,31
2024-01-16 15:13:00,0.8,202,2.9,1005,76.3,0,18,5,7,7,33
2024-01-16 15:28:18,1.2,163,2.7,1005,76.9,0,21,6,8,8,32
2024-01-16 15:43:35,0.4,146,2.5,1005,77.7,0,18,11,14,15,30
2024-01-16 15:58:53,0.6,138,2.1,1005,77.7,0,17,6,8,9,30
2024-01-16 16:14:11,0.3,181,1.8,1005,78.4,0,21,6,8,9,27
2024-01-16 16:29:29,0.3,180,1.4,1005,79.2,0,6,8,11,12,31
2024-01-16 16:44:46,0.5,118,1.2,1005,79.9,0,17,9,12,13,29
2024-01-16 17:00:04,0.2,172,1.2,1005,80.4,0,17,9,11,12,31
2024-01-16 17:15:22,0.5,171,1.1,1005,80.8,0,15,11,14,16,26
2024-01-16 17:30:40,0.4,156,1,1004,81.5,0,18,12,16,17,29
2024-01-16 17:46:00,0.4,173,0.9,1004,82.1,0,17,15,19,21,29
2024-01-16 18:01:18,0.5,176,0.8,1004,82.7,0,17,17,21,24,28
2024-01-16 18:16:36,0.7,188,0.7,1004,83.2,0,21,18,22,25,29
2024-01-16 18:31:54,0.8,162,0.7,1004,83.5,0,18,22,27,30,30
2024-01-16 18:47:12,0.8,142,0.6,1004,83.7,0,17,22,28,31,29
2024-01-16 19:02:31,0.7,179,0.6,1003,84.1,0,17,24,30,34,28
2024-01-16 19:17:50,0.9,176,0.5,1003,84.4,0,17,22,28,31,27
2024-01-16 19:33:08,0.6,199,0.4,1003,84.8,0,19,22,27,31,29
2024-01-16 19:48:28,0.7,187,0.3,1003,85.3,0,17,28,35,39,27
2024-01-16 20:03:45,1,176,0.2,1003,85.5,0,17,19,24,26,27
2024-01-16 20:19:05,0.8,128,0.3,1003,85.9,0,18,19,25,28,28
2024-01-16 20:34:23,1.2,146,0.2,1003,86.1,0,19,19,24,26,30
2024-01-16 20:49:41,1,122,0.2,1002,86.1,0,17,15,18,20,29
2024-01-16 21:05:00,0.6,242,0.1,1002,86.2,0,19,17,22,25,30
2024-01-16 21:20:19,0.9,166,0,1002,86.1,0,17,18,23,26,28
2024-01-16 21:35:36,1,173,0,1002,85.9,0,17,15,20,22,30
2024-01-16 21:50:55,0.6,174,-0.1,1001,86,0,17,16,21,23,28
2024-01-16 22:06:13,0.7,197,-0.2,1001,85.9,0,17,15,19,21,29
2024-01-16 22:21:33,0.6,204,-0.3,1001,86,0,17,14,17,19,26
2024-01-16 22:36:51,1,158,-0.3,1001,85.8,0,18,12,16,18,28
2024-01-16 22:52:09,0.8,167,-0.3,1000,85.7,0,17,12,16,18,27
2024-01-16 23:07:28,1,144,-0.3,1000,85.4,0,17,13,16,18,29
2024-01-16 23:22:47,0.3,175,-0.4,1000,85,0,18,12,16,17,28
2024-01-16 23:38:05,0.7,179,-0.4,1000,84.7,0,17,10,13,15,28
2024-01-16 23:53:25,0.5,182,-0.5,999,84.8,0,18,11,14,16,29
2024-01-17 00:08:44,0.3,178,-0.4,999,84.8,0,20,11,14,15,29
2024-01-17 00:24:02,0.5,132,-0.4,999,84.8,0,17,11,14,15,29
2024-01-17 00:39:20,0.6,141,-0.3,999,84.6,0,20,9,12,13,29
2024-01-17 00:54:40,0.3,200,-0.3,998,84.7,0,18,9,12,13,29
2024-01-17 01:09:58,0.5,164,-0.3,998,84.5,0,21,9,12,13,28
2024-01-17 01:25:17,0.9,179,-0.4,998,84.5,0,17,10,13,14,29
2024-01-17 01:40:35,0.9,184,-0.4,998,84.5,0,18,9,12,13,28
2024-01-17 01:55:54,0.5,170,-0.5,997,84.8,0,17,8,11,12,28
2024-01-17 02:11:13,0.8,140,-0.5,997,84.9,0,18,10,12,14,30
2024-01-17 02:26:31,1,147,-0.4,997,84.7,0,23,8,11,12,29
2024-01-17 03:59:03,1.4,135,-0.8,994,84.7,0,19,8,11,12,29
2024-01-17 04:14:22,1.2,137,-0.8,994,85.1,0,18,10,13,14,26
2024-01-17 04:29:41,1,135,-0.7,994,85.3,0,17,9,12,13,29
2024-01-17 04:44:59,0.3,149,-0.6,993,85.2,0,25,9,11,12,28
2024-01-17 05:00:18,1,128,-0.4,993,84.9,0,18,10,13,14,29
2024-01-17 05:15:37,1.4,130,-0.2,993,84.6,0,17,10,13,15,29
2024-01-17 05:30:54,1.2,131,-0.1,993,84.1,0,17,11,14,15,28
2024-01-17 05:46:13,1,122,0,992,83.9,0,16,11,14,15,28
2024-01-17 06:01:31,1.3,147,0,992,83.6,0,17,10,13,14,33
2024-01-17 06:16:50,1.4,136,0.1,992,83.4,0,17,11,15,16,29
2024-01-17 06:32:09,1.1,150,0.2,991,83.2,0,17,12,15,17,29
2024-01-17 06:47:26,0.5,170,0.3,991,82.7,0,16,12,16,18,30
2024-01-17 07:02:45,0,226,0.5,991,82.3,0,15,12,15,17,27
2024-01-17 07:18:04,0.3,258,0.6,991,82,0,17,11,15,16,29
2024-01-17 07:33:23,0.6,143,0.7,990,81.7,0,17,12,16,18,30
2024-01-17 07:48:40,0.5,186,0.9,990,82,0,20,12,15,17,29
2024-01-17 08:03:58,1,154,0.9,990,81.7,0,17,12,15,17,28
2024-01-17 08:19:17,0.3,174,1,990,82.2,0,17,12,15,17,29
2024-01-17 08:34:35,0.6,173,1.2,989,82.1,0,17,12,16,17,29
2024-01-17 08:49:53,0.3,146,1.3,989,82.2,0,17,13,17,19,29
2024-01-17 09:05:12,0.7,154,1.4,989,82.2,0,17,12,15,17,29
2024-01-17 09:20:30,0.3,159,1.6,989,82.3,0,17,13,16,18,29
2024-01-17 09:35:47,0.6,171,1.7,989,82.1,0,17,12,16,18,27
2024-01-17 09:51:05,0.3,209,1.7,989,81.8,0,19,12,16,18,28
2024-01-17 10:06:21,0.6,232,1.8,989,82.2,0,17,13,17,19,29
2024-01-17 10:21:40,0.7,172,1.9,988,83,0.2,20,13,16,18,27
2024-01-17 10:36:58,0.8,155,1.8,988,83.9,0.6,17,14,17,19,27
2024-01-17 10:52:16,0.1,270,1.6,988,84.7,1,17,15,19,21,27
2024-01-17 11:07:34,0.7,90,1.5,987,85.6,1,17,17,22,24,26
2024-01-17 11:22:53,0.4,252,1.6,987,86.1,0.9,17,17,22,25,29
2024-01-17 11:38:09,0.3,216,1.5,987,86.8,1,17,17,22,25,27
2024-01-17 11:53:27,0.2,180,1.7,987,87.2,1,17,18,23,26,28
2024-01-17 12:08:45,0.3,216,1.7,986,87.1,1,17,19,25,27,26
2024-01-17 12:24:03,0.5,126,1.9,986,87.2,0.9,17,21,26,29,29
2024-01-17 12:39:21,0,90,1.8,986,87.3,0.9,17,20,25,28,26
2024-01-17 12:54:40,0,90,1.8,985,87.8,0.9,17,20,25,28,26
2024-01-17 13:09:58,0,90,1.8,985,87.9,0.7,17,20,25,28,27
2024-01-17 13:25:16,0,90,1.6,985,88.1,0.8,17,20,26,29,27
2024-01-17 13:40:34,0,90,1.5,985,88.7,0.9,17,20,25,28,27
2024-01-17 13:55:53,0,90,1.6,985,89.1,0.3,17,18,23,26,26
2024-01-17 14:11:10,0,90,1.8,985,89.2,0.3,17,22,28,32,28
2024-01-17 14:26:28,0,90,1.8,985,89.2,0.3,17,23,28,32,26
2024-01-17 14:41:47,0,90,1.9,985,89.5,0.2,17,22,28,31,29
2024-01-17 14:57:05,0,90,2,985,89.8,0.2,17,19,24,27,23
2024-01-17 15:12:23,0,90,1.9,985,89.7,0.2,17,20,25,27,27
2024-01-17 15:27:42,0,90,1.8,985,90,0.2,18,16,20,23,27
2024-01-17 15:43:00,0,90,1.6,985,90.3,0.1,18,12,16,18,30
2024-01-17 15:58:18,0,90,1.6,985,90.8,0.1,22,11,14,15,30
2024-01-17 16:13:36,0,90,1.5,985,91.1,0,24,14,18,20,32
2024-01-17 16:28:54,0,90,1.5,986,91.6,0,22,14,18,20,31
2024-01-17 16:44:13,0,90,1.5,986,92,0,34,13,17,19,31
2024-01-17 16:59:31,0,90,1.5,986,92.6,0,20,11,15,16,30
2024-01-17 17:14:50,0,90,1.5,986,92.9,0,17,15,19,22,29
2024-01-17 17:30:07,0,90,1.5,986,93.2,0,17,15,19,21,27
2024-01-17 17:45:27,0,90,1.5,986,93.5,0,17,19,24,27,24
2024-01-17 18:00:43,0,90,1.5,986,93.7,0,17,18,22,25,26
2024-01-17 18:16:02,0,90,1.5,987,94,0,17,17,22,24,26
2024-01-17 18:31:20,0,90,1.5,987,94.3,0,17,16,20,22,23
2024-01-17 18:46:38,0,90,1.5,987,94.4,0,17,16,21,23,24
2024-01-17 19:01:57,0,90,1.4,987,94.3,0,17,18,23,26,28
2024-01-17 19:17:14,0,90,1.4,987,94.4,0,18,19,24,26,26
2024-01-17 19:32:33,0,90,1.4,988,94.6,0,20,18,23,26,28
2024-01-17 19:47:51,0,90,1.4,988,94.9,0,17,21,26,29,20
2024-01-17 20:03:09,0,90,1.3,988,94.8,0,17,23,29,33,22
2024-01-17 20:18:28,0,90,1.2,988,94.9,0,17,24,30,34,23
2024-01-17 20:33:46,0,90,1.2,988,95.1,0,17,24,30,33,24
2024-01-17 20:49:05,0,90,1.1,989,94.8,0,17,23,29,32,25
2024-01-17 21:04:22,0,90,1.1,989,94.9,0,17,24,30,34,23
2024-01-17 21:19:41,0,90,1.1,989,94.6,0,17,26,33,37,25
2024-01-17 21:34:59,0,90,1.2,989,94.9,0,17,24,30,34,25
2024-01-17 21:50:17,0,90,1.3,989,95.3,0,16,24,30,34,22
2024-01-17 22:05:36,0,90,1.2,989,95.5,0,17,23,28,32,20
2024-01-17 22:20:55,0,90,1.2,990,95.8,0,16,22,27,31,22
2024-01-17 22:36:13,0,90,1.2,990,95.7,0,16,22,28,31,21
2024-01-17 22:51:31,0,90,1.2,990,95.3,0,17,24,31,34,25
2024-01-17 23:06:49,0,90,1.2,990,95.2,0,17,26,33,37,25
2024-01-17 23:22:07,0,90,1.2,990,95,0,17,25,32,36,24
2024-01-17 23:37:25,0,90,1.3,990,94.9,0,17,23,29,33,26
2024-01-17 23:52:43,0,90,1.4,990,94.9,0,17,24,31,34,24
2024-01-18 00:08:01,0,90,1.4,991,94.8,0,17,25,31,34,27
2024-01-18 00:23:19,0,90,1.4,991,94.7,0,17,25,31,35,28
2024-01-18 00:38:36,0,90,1.3,991,94.7,0,17,25,31,35,27
2024-01-18 00:53:54,0,90,1.3,991,94.8,0,17,23,29,32,24
2024-01-18 02:26:26,0,90,1,992,96.3,0,16,23,29,32,26
2024-01-18 02:57:04,0,90,0.9,992,96.7,0,16,22,27,31,23
2024-01-18 03:12:23,0,90,0.9,992,96.8,0,16,19,24,27,24
2024-01-18 03:27:40,0,90,0.9,992,97,0,16,22,27,31,22
2024-01-18 03:42:59,0,90,0.9,992,97.2,0,17,22,27,31,25
2024-01-18 03:58:17,0,90,0.9,992,97.3,0,15,23,29,32,20
2024-01-18 04:13:35,0,90,0.9,992,97,0,17,23,29,32,23
2024-01-18 04:28:53,0,90,0.8,993,96.9,0,17,21,27,30,26
2024-01-18 04:44:11,0,90,0.8,993,97,0,17,23,29,32,24
2024-01-18 04:59:29,0,90,0.8,993,97,0,17,21,26,29,23
2024-01-18 05:14:48,0,90,0.7,993,96.8,0,17,22,27,30,21
2024-01-18 05:30:06,0,90,0.2,993,95.9,0,16,26,32,36,20
2024-01-18 05:45:25,0,90,-0.1,993,95.3,0,17,25,31,35,26
2024-01-18 06:00:44,0,90,-0.7,994,94.4,0,16,24,30,33,24
2024-01-18 06:16:03,0,90,-1.1,994,93.3,0,16,24,31,34,25
2024-01-18 06:31:22,0,90,-1.4,994,93.6,0,15,25,31,35,26
2024-01-18 06:46:41,0,90,-1.6,995,93.3,0,13,23,29,32,27
2024-01-18 07:02:00,0,90,-1.6,995,93.3,0,14,24,30,34,28
2024-01-18 07:17:19,0,90,-1.7,995,93.5,0,14,22,27,30,25
2024-01-18 07:32:37,0,90,-1.7,995,94.1,0,13,23,29,32,26
2024-01-18 07:47:56,0,90,-1.6,995,94,0,13,20,26,29,28
2024-01-18 08:03:15,0,90,-1.4,996,94.5,0,15,20,26,28,27
2024-01-18 08:18:34,0,90,-1.2,996,95,0,15,16,21,23,29
2024-01-18 08:33:52,0,90,-0.9,996,95.8,0,13,16,20,23,29
2024-01-18 08:49:10,0,90,-0.4,997,96.1,0,13,22,27,30,25
2024-01-18 09:04:29,0,90,-0.1,997,96.7,0,13,24,30,34,28
2024-01-18 09:19:47,0,90,0,997,96.8,0,13,24,30,33,29
2024-01-18 09:35:05,0,90,0.6,998,97.4,0,12,26,33,37,29
2024-01-18 09:50:23,0,90,1.9,998,98.4,0,14,23,29,32,32
2024-01-18 10:05:41,0,90,1.8,998,97,0,15,23,28,32,27
2024-01-18 10:20:59,0,90,1.8,999,96.5,0,15,23,29,32,29
2024-01-18 10:36:18,0,90,2.2,999,96.1,0,16,20,26,28,30
2024-01-18 10:51:35,0,90,2.6,999,96,0,15,19,23,26,27
2024-01-18 11:06:53,0,90,3.3,999,95.6,0,15,17,21,24,29
2024-01-18 11:22:10,0,90,4.1,999,94,0,15,15,20,22,29
2024-01-18 11:37:28,0,90,4.3,1000,93.4,0,15,17,22,24,28
2024-01-18 11:52:46,0,90,4.8,1000,92.3,0,17,18,22,25,31
2024-01-18 12:08:03,0,90,5.3,1000,90.9,0,17,19,24,27,30
2024-01-18 12:23:19,0,90,4.6,1000,90.8,0.1,15,19,24,27,25
2024-01-18 12:38:37,0,90,4,1001,91.6,0.2,17,20,25,28,29
2024-01-18 12:53:54,0,90,3.8,1001,91.9,0.2,17,16,20,23,30
2024-01-18 13:09:11,0,90,3.8,1001,92.2,0.3,17,14,18,20,31
2024-01-18 13:24:29,0,90,3.8,1001,92.1,0.2,17,10,13,14,27
2024-01-18 13:39:45,0,90,3.9,1001,91.6,0.2,15,4,6,6,31
2024-01-18 13:55:02,0,90,4.1,1002,91.5,0.2,20,3,4,4,29
2024-01-18 14:10:19,0,90,4.7,1002,90.2,0.4,22,3,4,4,34
2024-01-18 14:25:36,0,90,4.1,1002,90.2,0.1,32,1,2,2,31
2024-01-18 14:40:54,0,90,3.6,1003,91,0.2,31,1,2,2,30
2024-01-18 14:56:13,0,90,3.4,1003,91.9,0.3,21,2,3,3,27
2024-01-18 15:11:29,0,90,3.8,1003,92,0.3,25,2,3,3,31
2024-01-18 15:26:45,0,90,3.8,1004,91.8,0.2,28,1,2,2,29
2024-01-18 15:42:03,0,90,3.5,1004,91.6,0.2,24,1,2,2,31
2024-01-18 15:57:20,0,90,2.9,1005,92.2,0.2,23,2,3,3,29
2024-01-18 16:12:37,0,90,2.7,1005,92.8,0.2,27,2,3,3,27
2024-01-18 16:27:56,0,90,2.2,1005,93.5,0.2,18,5,6,7,30
2024-01-18 16:43:13,0,90,1.9,1006,94.1,0.2,18,6,8,8,27
2024-01-18 16:58:32,0,90,1.6,1006,94.5,0.2,17,7,9,10,29
2024-01-18 17:13:48,0,90,1.5,1006,95,0.2,20,6,8,8,28
2024-01-18 17:29:06,0,90,1.4,1007,95.4,0.1,17,6,8,9,29
2024-01-18 17:44:24,0,90,1.7,1007,96.5,0.2,17,9,11,12,28
2024-01-18 17:59:41,0,90,2,1007,96.7,0.1,19,9,12,13,28
2024-01-18 18:14:59,0,90,1.9,1007,96.6,0.1,17,12,15,17,29
2024-01-18 18:30:17,0,90,1.8,1007,96.7,0.1,17,13,17,19,27
2024-01-18 18:45:34,0,90,1.6,1008,96.6,0,17,13,17,19,28
2024-01-18 19:00:51,0,90,1.3,1008,96.2,0,17,14,18,19,27
2024-01-18 19:16:09,0,90,1.1,1009,96.7,0,19,13,17,19,29
2024-01-18 19:31:28,0,90,0.9,1009,96.6,0,17,15,19,21,28
2024-01-18 19:46:47,0,90,0.7,1009,96.7,0,18,21,26,29,27
2024-01-18 20:02:05,0,90,0.6,1009,97,0,16,19,24,27,28
2024-01-18 20:17:24,0,90,0.4,1010,97,0,17,18,23,26,27
2024-01-18 20:32:42,0,90,0.2,1010,97.1,0,17,18,23,26,28
2024-01-18 20:48:01,0,90,0.2,1010,97.6,0,17,19,24,27,29
2024-01-18 21:03:18,0,90,0.2,1010,97.7,0,19,20,25,28,28
2024-01-18 21:18:36,0,90,0.1,1011,97.4,0,17,20,25,28,28
2024-01-18 21:33:55,0,90,0.2,1011,98.3,0,17,19,25,27,27
2024-01-18 21:49:14,0,90,0.3,1011,98.7,0,17,27,33,37,28
2024-01-18 22:04:33,0,90,0.3,1011,98.4,0,17,20,25,28,29
2024-01-18 22:19:51,0,90,0.1,1012,98.3,0,17,19,24,26,28
2024-01-18 22:35:09,0,90,0,1012,98.2,0,17,19,23,26,26
2024-01-18 22:50:28,0,90,0,1012,98.5,0,17,19,23,26,24
2024-01-18 23:05:45,0,90,0.1,1012,99.1,0,17,18,23,25,26
2024-01-18 23:21:05,0,90,0,1012,98.8,0,17,17,22,24,24
2024-01-18 23:36:24,0,90,-0.1,1012,98,0,17,17,22,24,24
2024-01-18 23:51:40,0,90,-0.3,1012,98.2,0,17,17,21,24,26
2024-01-19 01:39:39,0,90,-0.6,1013,99.2,0,17,16,20,22,26
2024-01-19 01:54:57,0,90,-0.6,1013,99.2,0,17,15,19,21,26
2024-01-19 02:10:15,0,90,-0.6,1013,99.3,0,19,14,18,20,28
2024-01-19 02:25:34,0,90,-0.6,1014,99.4,0,18,14,18,20,26
2024-01-19 02:40:53,0,90,-0.4,1014,99.8,0,17,20,25,28,27
2024-01-19 02:56:11,0,90,-0.2,1014,99.9,0,17,19,24,27,25
2024-01-19 03:11:29,0,90,0,1014,99.9,0,17,22,28,31,26
2024-01-19 03:26:48,0,90,0,1014,99.8,0,17,20,25,28,27
2024-01-19 03:42:06,0,90,-0.2,1014,99.2,0,17,21,26,29,27
2024-01-19 03:57:25,0,90,-0.4,1014,99.1,0,17,21,27,30,27
2024-01-19 04:12:44,0,90,-0.5,1015,99.4,0,17,22,28,31,26
2024-01-19 04:28:02,0,90,-0.5,1015,99.7,0,17,23,29,33,26
2024-01-19 04:43:21,0,90,-0.4,1015,99.9,0,17,25,31,35,27
2024-01-19 04:58:39,0,90,-0.6,1015,99.2,0,17,22,27,31,26
2024-01-19 05:13:58,0,90,-0.6,1015,99.2,0,17,26,33,36,26
2024-01-19 05:29:16,0,90,-0.7,1015,99.1,0,17,28,35,39,24
2024-01-19 05:44:35,0,90,-0.9,1016,99.1,0,14,26,33,37,26
2024-01-19 05:59:54,0,90,-0.8,1016,99.7,0,17,29,36,40,27
2024-01-19 06:15:12,0,90,-0.8,1016,99.7,0,17,29,36,41,27
2024-01-19 06:30:30,0,90,-0.7,1016,99.9,0,17,30,38,42,25
2024-01-19 06:45:50,0,90,-0.8,1017,99.4,0,17,31,39,44,28
2024-01-19 07:01:07,0,90,-0.9,1017,99.3,0,16,31,38,43,27
2024-01-19 07:16:27,0,90,-0.6,1017,100,0,16,37,46,51,27
2024-01-19 07:31:45,0,90,-0.5,1017,99.9,0,16,34,43,48,26
2024-01-19 07:47:04,0,90,-0.4,1017,99.9,0,13,34,42,47,27
2024-01-19 08:02:22,0,90,-0.3,1018,99.9,0,5,34,42,47,26
2024-01-19 08:17:41,0,90,-0.2,1018,99.9,0,16,35,43,49,27
2024-01-19 08:32:59,0,90,0,1018,99.7,0,16,37,46,52,26
2024-01-19 08:48:18,0,90,0,1018,98.7,0,13,39,48,54,31
2024-01-19 09:03:36,0,90,-0.1,1018,98.3,0,17,39,48,54,27
2024-01-19 09:18:54,0,90,-0.1,1019,98.1,0,16,36,45,51,26
2024-01-19 09:34:13,0,90,0,1019,98.1,0,17,36,45,50,24
2024-01-19 09:49:31,0,90,0.1,1019,97.8,0,15,35,44,49,26
2024-01-19 10:04:50,0,90,0.3,1019,97.6,0,16,34,42,48,28
2024-01-19 10:20:07,0,90,0.5,1019,97.4,0,17,32,40,45,28
2024-01-19 10:35:25,0,90,0.8,1019,97.1,0,17,31,39,43,28
2024-01-19 10:50:44,0,90,1.2,1020,96.7,0,17,30,38,42,29
2024-01-19 11:06:02,0,90,1.5,1020,96.6,0,17,30,38,42,32
2024-01-19 11:21:18,0,90,2.5,1020,95.2,0,15,30,38,42,30
2024-01-19 11:36:37,0,90,2.9,1020,94.4,0,15,26,33,37,31
2024-01-19 11:51:55,0,90,3.3,1020,93.6,0,17,27,34,38,30
2024-01-19 12:07:14,0,90,3.4,1020,92.8,0,17,25,32,35,29
2024-01-19 12:22:30,0,90,3.2,1020,92.6,0,15,24,30,34,27
2024-01-19 12:37:48,0,90,3,1020,92.3,0,16,29,36,41,28
2024-01-19 12:53:05,0,90,3.1,1020,92.4,0,17,24,30,34,29
2024-01-19 13:08:24,0,90,3.2,1020,92,0,17,27,33,37,31
2024-01-19 13:23:42,0,90,3.2,1020,91.8,0,16,26,33,37,30
2024-01-19 13:38:58,0,90,3.3,1020,91.8,0,16,28,35,39,31
2024-01-19 13:54:17,0,90,3.2,1020,91.9,0,17,29,36,41,31
2024-01-19 14:09:34,0,90,3.2,1020,91.7,0,18,28,35,39,31
2024-01-19 14:24:51,0,90,3.1,1020,91.8,0,21,26,32,36,29
2024-01-19 14:40:09,0,90,3,1020,91.6,0,17,29,37,41,34
2024-01-19 14:55:27,0,90,2.8,1021,91.8,0,17,30,37,42,29
2024-01-19 15:10:45,0,90,2.5,1021,91.9,0,15,30,37,42,31
2024-01-19 15:26:03,0,90,2.2,1021,92.3,0,17,30,38,42,30
2024-01-19 15:41:21,0,90,1.8,1021,92.7,0,17,28,36,40,30
2024-01-19 15:56:40,0,90,1.5,1021,93,0,17,31,39,44,29
2024-01-19 16:11:57,0,90,1.1,1021,93.2,0,18,31,38,43,29
2024-01-19 16:27:15,0,90,0.7,1021,93.4,0,18,36,44,50,30
2024-01-19 16:42:34,0,90,0.3,1022,93.6,0,14,39,48,54,28
2024-01-19 16:57:52,0,90,0,1022,94.3,0,18,38,47,54,28
2024-01-19 17:13:11,0,90,0,1022,95,0,17,39,48,54,29
2024-01-19 17:28:29,0,90,0.2,1022,96,0,17,38,47,53,31
2024-01-19 17:43:48,0,90,0.5,1022,96.6,0,17,36,44,50,32
2024-01-19 17:59:06,0,90,0.7,1023,96.7,0,17,37,45,51,28
2024-01-19 18:14:25,0,90,0.8,1023,96.8,0,17,33,41,46,29
2024-01-19 18:29:43,0,90,0.9,1023,97,0,17,32,40,45,28
2024-01-19 18:45:01,0,90,1,1023,97.1,0,17,30,38,43,30
2024-01-19 19:00:19,0,90,1,1023,97,0,18,31,38,43,30
2024-01-19 19:15:37,0,90,1,1024,97,0,20,29,36,40,29
2024-01-19 19:30:56,0,90,1,1024,97.1,0,18,30,37,42,29
2024-01-19 19:46:14,0,90,1,1024,97.2,0,17,27,33,38,28
2024-01-19 20:01:32,0,90,1,1024,97.4,0,21,25,31,35,31
2024-01-19 20:16:49,0,90,1.1,1024,97.4,0,18,26,32,36,26
2024-01-19 20:32:07,0,90,1.1,1024,97.4,0,18,27,33,37,30
2024-01-19 20:47:26,0,90,1.1,1024,97.4,0,17,24,30,33,28
2024-01-19 21:02:44,0,90,1.1,1024,97.5,0,18,25,31,35,28
2024-01-19 21:18:01,0,90,1.1,1024,97.6,0,21,25,32,36,30
2024-01-19 21:33:19,0,90,1.1,1024,97.8,0,20,24,31,35,29
2024-01-19 21:48:37,0,90,1.1,1024,97.9,0,25,23,29,33,29
2024-01-19 22:03:55,0,90,1.2,1024,97.9,0,17,23,29,32,29
2024-01-19 22:19:13,0,90,1.2,1024,98,0,19,23,29,33,29
2024-01-19 22:34:31,0,90,1.2,1024,97.9,0,18,24,30,34,28
2024-01-19 22:49:49,0,90,1.2,1025,97.7,0,17,22,28,31,28
2024-01-19 23:05:07,0,90,1.1,1025,97.7,0,17,22,27,31,28
2024-01-19 23:20:25,0,90,1.1,1025,97.6,0,17,21,27,30,29
2024-01-19 23:35:43,0,90,1,1025,97.4,0,19,21,27,30,29
2024-01-19 23:51:01,0,90,1,1025,97.5,0,19,20,25,29,28
2024-01-20 00:06:19,0,90,1,1025,97.5,0,21,20,26,29,30
2024-01-20 00:21:38,0,90,1,1025,97.7,0,23,21,27,30,28
2024-01-20 00:36:56,0,90,1,1025,97.6,0,20,21,26,29,26
2024-01-20 00:52:14,0,90,1,1025,97.7,0,22,23,29,33,27
2024-01-20 01:07:32,0,90,1.1,1025,97.6,0,17,21,27,30,27
2024-01-20 01:22:51,0,90,1,1025,97.4,0,21,20,25,28,29
2024-01-20 02:55:19,0,90,0.8,1026,98.1,0,22,29,36,40,29
2024-01-20 03:10:38,0,90,0.8,1025,98,0,19,25,32,35,29
2024-01-20 03:25:56,0,90,0.7,1026,97.9,0,20,24,29,33,27
2024-01-20 03:41:14,0,90,0.8,1026,97.9,0,18,24,30,34,28
2024-01-20 03:56:32,0,90,0.7,1026,97.8,0,20,25,32,36,29
2024-01-20 04:11:50,0,90,0.7,1026,97.9,0,18,26,32,36,29
2024-01-20 04:27:09,0,90,0.7,1026,97.9,0,22,27,34,38,31
2024-01-20 04:42:27,0,90,0.6,1026,97.7,0,18,25,32,35,31
2024-01-20 04:57:46,0,90,0.6,1026,97.6,0,20,25,31,35,29
2024-01-20 05:13:04,0,90,0.6,1026,97.8,0,19,22,28,31,29
2024-01-20 05:28:22,0,90,0.5,1026,97.8,0,20,22,28,31,30
2024-01-20 05:43:40,0,90,0.6,1026,97.8,0,19,23,29,32,30
2024-01-20 05:58:58,0,90,0.6,1026,97.8,0,20,24,30,34,29
2024-01-20 06:14:17,0,90,0.6,1026,97.6,0,17,24,30,33,32
2024-01-20 06:29:35,0,90,0.6,1026,97.5,0,18,24,31,34,29
2024-01-20 06:44:52,0,90,0.6,1027,97.5,0,21,23,29,32,31
2024-01-20 07:00:11,0,90,0.5,1027,97.3,0,19,20,25,28,32
2024-01-20 07:15:29,0,90,0.5,1026,97.3,0,25,19,24,27,32
2024-01-20 07:30:47,0,90,0.4,1027,97.2,0,28,17,22,24,31
2024-01-20 07:46:06,0,90,0.4,1027,97.1,0,19,18,22,25,30
2024-01-20 08:01:23,0,90,0.4,1027,97.2,0,18,16,20,22,32
2024-01-20 08:16:43,0,90,0.5,1027,97.1,0,28,17,22,24,32
2024-01-20 08:32:00,0,90,0.7,1027,96.8,0,25,18,22,25,31
2024-01-20 08:47:20,0,90,0.9,1027,96.4,0,17,18,23,25,32
2024-01-20 09:02:38,0,90,1,1027,95.9,0,24,18,23,25,33
2024-01-20 09:17:56,0,90,1.2,1027,95.5,0,22,18,22,25,32
2024-01-20 09:33:14,0,90,1.4,1027,94.9,0,22,16,20,23,32
2024-01-20 09:48:32,0,90,1.6,1027,93.8,0,33,16,21,23,33
2024-01-20 10:03:50,0,90,2,1027,93.1,0,29,16,20,22,32
2024-01-20 10:19:08,0,90,1.4,1027,91,0,17,15,19,21,31
2024-01-20 10:34:26,0,90,0.7,1027,90.4,0,20,14,18,20,29
2024-01-20 10:49:45,0,90,0.7,1027,90.4,0,28,16,21,23,33
2024-01-20 11:05:03,0,90,1.5,1027,90.7,0,21,17,21,24,31
2024-01-20 11:20:21,0,90,2.3,1027,89.2,0,17,16,20,22,30
2024-01-20 11:35:38,0,90,3.2,1027,88.7,0,17,16,21,23,32
2024-01-20 11:50:57,0,90,3.6,1026,87.6,0,22,17,21,24,31
2024-01-20 12:06:13,0,90,3.6,1026,86.5,0,27,14,18,20,32
2024-01-20 12:21:31,0,90,3.5,1026,85.7,0,29,14,18,20,32
2024-01-20 12:36:49,0,90,3.6,1026,85.1,0,21,13,17,19,32
2024-01-20 12:52:06,0,90,3.6,1026,84.4,0,26,15,19,21,33
2024-01-20 13:07:24,0,90,3.5,1026,83.6,0,26,17,21,24,32
2024-01-20 13:22:41,0,90,3.6,1026,83.4,0,24,14,18,20,33
2024-01-20 13:38:00,0,90,3.8,1026,83,0,22,15,19,21,33
2024-01-20 13:53:16,0,90,3.9,1025,82.3,0,19,12,16,17,34
2024-01-20 14:08:35,0,90,3.7,1025,81.5,0,31,11,14,16,36
2024-01-20 14:23:52,0,90,3.4,1025,81.7,0,27,13,17,19,34
2024-01-20 14:39:10,0,90,3.1,1025,82.1,0,25,14,18,20,33
2024-01-20 14:54:27,0,90,3,1025,82.5,0,25,14,18,20,31
2024-01-20 15:09:45,0,90,2.9,1025,83.1,0,28,15,19,21,34
2024-01-20 15:25:03,0,90,2.7,1025,83.3,0,33,19,23,26,31
2024-01-20 15:40:20,0,90,2.3,1025,83.6,0,30,17,21,24,30
2024-01-20 15:55:39,0,90,1.7,1025,84,0,35,16,20,22,30
2024-01-20 16:10:56,0,90,1.3,1025,84.4,0,28,20,24,27,33
2024-01-20 16:26:15,0,90,0.9,1025,85,0,23,17,22,24,31
2024-01-20 16:41:32,0,90,0.7,1025,84.8,0,21,16,20,23,32
2024-01-20 16:56:50,0,90,0.7,1025,85.2,0,31,14,18,20,32
2024-01-20 17:12:09,0,90,0.9,1025,84.5,0,20,15,19,21,33
2024-01-20 17:27:27,0,90,0.7,1025,83.8,0,33,15,19,21,33
2024-01-20 17:42:46,0,90,0.4,1025,83.6,0,19,16,21,23,31
2024-01-20 17:58:04,0,90,0.2,1025,84.4,0,19,17,22,24,34
2024-01-20 18:13:22,0,90,0.1,1025,84.3,0,25,16,21,23,34
2024-01-20 18:28:40,0,90,0.1,1025,84.1,0,26,12,16,18,32
2024-01-20 18:44:00,0,90,0.3,1024,83.9,0,22,13,17,18,33
2024-01-20 18:59:17,0,90,0.2,1024,83.1,0,24,14,17,19,31
2024-01-20 19:14:35,0,90,0.3,1024,82.9,0,23,10,13,15,35
2024-01-20 19:29:54,0,90,0.7,1024,82,0,25,8,10,11,35
2024-01-20 19:45:12,0,90,1,1024,81.7,0,24,8,10,11,34
2024-01-20 20:00:30,0,90,1.3,1024,80.7,0,21,7,9,10,34
2024-01-20 20:15:49,0,90,1.5,1023,80,0,22,7,10,11,32
2024-01-20 20:31:07,0,90,1.6,1023,78.6,0,25,7,9,10,35
2024-01-20 20:46:25,0,90,1.6,1023,78.1,0,38,4,6,6,32
2024-01-20 21:01:43,0,90,1.3,1022,76.9,0,25,4,6,7,35
2024-01-20 21:17:01,0,90,1.3,1022,76.6,0,23,5,7,7,36
2024-01-20 21:32:19,0,90,1.4,1022,76.5,0,36,4,5,6,35
2024-01-20 21:47:37,0,90,1.5,1022,75.7,0,32,4,6,6,35
2024-01-20 22:02:56,0,90,1.5,1022,75.4,0,20,4,6,6,35
2024-01-20 22:18:14,0,90,1.4,1022,75.2,0,28,5,7,7,32
2024-01-20 22:33:32,0,90,1.4,1021,75.5,0,28,5,7,8,34
2024-01-20 22:48:50,0,90,1.4,1021,75.9,0,25,6,8,9,39
2024-01-20 23:04:09,0,90,1.4,1021,76.6,0,27,7,9,10,35
2024-01-20 23:19:27,0,90,1.5,1021,76.7,0,30,9,11,12,34
2024-01-20 23:34:45,0,90,1.5,1021,77.1,0,24,8,11,12,36
2024-01-20 23:50:02,0,90,1.6,1021,77.3,0,30,7,9,10,36
2024-01-21 00:05:20,0,90,1.6,1020,77.9,0,30,8,11,12,36
2024-01-21 01:37:57,0,90,2.1,1019,76.4,0,25,9,11,12,34
2024-01-21 01:53:16,0,90,2.2,1019,76.3,0,31,9,12,13,36
2024-01-21 02:08:34,0,90,2.2,1018,76.2,0,20,7,10,11,34
2024-01-21 02:23:52,0,90,2.2,1018,76.3,0,28,7,9,10,36
2024-01-21 02:39:11,0,90,2.1,1018,76.3,0,25,7,9,10,32
2024-01-21 02:54:29,0,90,2.2,1018,76,0,30,7,9,10,37
2024-01-21 03:09:48,0,90,2.3,1018,76.1,0,25,7,10,11,36
2024-01-21 03:25:06,0,90,2.3,1018,75.9,0,28,7,10,11,39
2024-01-21 03:40:24,0,90,2.5,1018,75.8,0,27,7,9,10,37
2024-01-21 03:55:42,0,90,2.6,1018,75.2,0,27,8,11,12,38
2024-01-21 04:10:59,0,90,2.6,1018,74.5,0,35,9,11,12,40
2024-01-21 04:26:17,0,90,2.6,1017,74.8,0,22,9,12,14,36
2024-01-21 04:41:35,0,90,2.5,1017,75.1,0,38,8,11,12,35
2024-01-21 04:56:53,0,90,2.4,1017,75.5,0,22,9,12,13,34
2024-01-21 05:12:12,0,90,2.4,1017,75.4,0,27,8,11,12,35
2024-01-21 05:27:30,0,90,2.5,1017,74.7,0,30,8,11,12,40
2024-01-21 05:42:47,0,90,2.5,1017,74.4,0,26,7,10,11,35
2024-01-21 05:58:05,0,90,2.3,1017,74.2,0,35,7,9,10,36
2024-01-21 06:13:24,0,90,2.5,1017,74.6,0,27,7,9,10,34
2024-01-21 06:28:42,0,90,2.8,1017,74.1,0,20,7,9,10,40
2024-01-21 06:44:00,0,90,3,1017,73.8,0,29,7,9,10,38
2024-01-21 06:59:17,0,90,3.1,1017,74.1,0,32,7,9,10,37
2024-01-21 07:14:35,0,90,3.2,1017,74.3,0,38,7,9,10,39
2024-01-21 07:29:53,0,90,2.8,1017,74.9,0,35,8,11,12,38
2024-01-21 07:45:11,0,90,3,1017,76.5,0,30,7,9,10,42
2024-01-21 08:00:28,0,90,3.3,1018,78.7,0,31,8,11,12,41
2024-01-21 08:15:45,0,90,3.6,1018,80.1,0,36,8,11,12,40
2024-01-21 08:31:03,0,90,4,1018,80.7,0,26,8,11,12,40
2024-01-21 08:46:20,0,90,4.1,1018,81,0,25,7,9,10,36
2024-01-21 09:01:39,0,90,4.4,1018,81,0.1,30,7,10,11,37
2024-01-21 09:16:56,0,90,4.7,1018,80.6,0,30,8,10,11,37
2024-01-21 09:32:13,0,90,4.9,1018,80.4,0.6,31,7,10,11,39
2024-01-21 09:47:31,0,90,5.2,1018,79.4,0.4,30,7,9,10,36
2024-01-21 10:02:47,0,90,5.5,1018,78.9,0.3,37,7,9,10,39
2024-01-21 10:18:05,0,90,5.8,1018,78.4,0.2,34,7,9,10,42
2024-01-21 10:33:21,0,90,6.2,1018,78.2,0.3,34,7,9,10,39
2024-01-21 10:48:39,0,90,6.2,1018,78.6,0.2,37,7,9,10,42
2024-01-21 11:03:56,0,90,6.1,1018,79.4,0.4,38,7,9,10,40
2024-01-21 11:34:39,0,90,6.3,1018,80,0.4,40,8,10,11,41
2024-01-21 11:49:56,0,90,6.4,1018,80.1,0.3,34,9,12,13,41
2024-01-21 12:05:14,0,90,6.9,1018,79.8,0.3,34,7,10,11,39
2024-01-21 12:20:30,0,90,6.9,1018,79.7,0.1,27,7,10,11,36
2024-01-21 12:35:47,0,90,6.7,1018,80.1,0.1,33,8,11,12,41
2024-01-21 12:51:04,0,90,7,1018,80.2,0.1,36,8,11,12,36
2024-01-21 13:06:20,0,90,6.9,1018,80.7,0.1,36,8,10,11,38
2024-01-21 13:21:37,0,90,6.7,1018,81.1,0,40,9,12,13,39
2024-01-21 13:36:55,0,90,6.8,1018,81.4,0,27,8,11,12,37
2024-01-21 13:52:12,0,90,6.7,1018,81.5,0,34,8,11,12,39
2024-01-21 14:07:28,0,90,6.8,1018,81.6,0,29,9,12,13,36
2024-01-21 14:22:45,0,90,6.7,1018,82,0,29,9,12,13,37
2024-01-21 14:38:03,0,90,6.6,1018,82.6,0,35,9,12,13,35
2024-01-21 14:53:20,0,90,6.6,1017,83.3,0,27,10,13,14,36
2024-01-21 15:08:36,0,90,6.3,1017,84,0,29,10,13,14,39
2024-01-21 15:23:53,0,90,6.2,1017,85,0,29,9,12,13,37
2024-01-21 15:39:10,0,90,6.2,1017,86,0,34,9,12,13,38
2024-01-21 15:54:28,0,90,6.2,1017,86.7,0,36,8,11,12,37
2024-01-21 16:09:45,0,90,6.2,1016,87.5,0,42,9,12,13,40
2024-01-21 16:25:01,0,90,6.2,1016,88.3,0,39,8,11,12,38
2024-01-21 16:40:18,0,90,6.2,1016,89.2,0,30,9,12,13,40
2024-01-21 16:55:36,0,90,6.2,1016,89.6,0,44,9,12,13,41
2024-01-21 17:10:53,0,90,6.3,1016,90.1,0,31,9,12,13,37
2024-01-21 17:26:10,0,90,6.4,1016,90.2,0,35,8,10,11,38
2024-01-21 17:41:26,0,90,6.4,1016,90.7,0,40,8,11,12,40
2024-01-21 17:56:44,0,90,6.5,1016,91.1,0,40,7,10,11,42
2024-01-21 18:12:01,0,90,6.6,1016,91.1,0,39,7,9,10,40
2024-01-21 18:27:18,0,90,6.9,1016,91.2,0,32,8,10,11,37
2024-01-21 18:42:34,0,90,7.2,1016,91.2,0,35,8,10,11,38
2024-01-21 18:57:51,0,90,7.4,1015,91.4,0,35,7,9,10,40
2024-01-21 19:13:08,0,90,7.6,1015,91.8,0,39,5,7,8,42
2024-01-21 19:28:25,0,90,7.7,1015,92,0,32,6,8,9,39
2024-01-21 19:43:41,0,90,7.9,1015,91.7,0,34,5,7,7,40
2024-01-21 19:58:57,0,90,8,1014,91.9,0,45,6,8,9,40
2024-01-21 20:14:14,0,90,8.2,1013,92.1,0,36,5,7,8,41
2024-01-21 20:29:29,0,90,8.4,1013,92.3,0,34,7,10,11,41
2024-01-21 20:44:45,0,90,8.6,1013,92.3,0,42,7,9,10,37
2024-01-21 21:00:03,0,90,8.7,1013,92.7,0,33,7,10,11,38
2024-01-21 21:15:18,0,90,8.9,1012,93.2,0,42,6,8,9,41
2024-01-21 21:30:36,0,90,9,1012,93.3,0,42,5,7,8,40
2024-01-21 21:45:52,0,90,9.2,1012,93.3,0,45,5,7,7,41
2024-01-21 22:01:08,0,90,9.4,1011,93.2,0,41,5,7,7,45
2024-01-21 22:16:26,0,90,9.5,1011,93,0,36,5,7,7,38
2024-01-21 22:31:41,0,90,9.6,1011,93,0,45,5,7,8,41
2024-01-21 22:46:57,0,90,9.7,1010,92.9,0,41,7,9,10,41
2024-01-21 23:02:14,0,90,9.8,1010,93.2,0,40,6,8,9,42
2024-01-21 23:17:30,0,90,9.9,1009,93,0,35,5,7,8,41
2024-01-21 23:32:47,0,90,10,1009,92.9,0,29,5,7,7,38
2024-01-21 23:48:03,0,90,10.1,1009,93,0,46,4,6,6,43
2024-01-22 00:03:19,0,90,10.3,1009,92.8,0,47,5,7,7,44
2024-01-22 00:18:34,0,90,10.4,1008,92.5,0,46,4,5,5,44
2024-01-22 02:06:17,0,90,11.4,1006,92.1,0,46,2,3,3,44
2024-01-22 02:21:32,0,90,11.6,1006,91.8,0,39,1,2,2,42
2024-01-22 02:36:48,0,90,11.6,1006,91.7,0,41,1,2,2,41
2024-01-22 02:52:04,0,90,11.6,1006,92.2,0.6,52,1,2,2,44
2024-01-22 03:07:21,0,90,11.3,1005,94,0.4,54,1,2,2,43
2024-01-22 03:22:37,0,90,11.1,1005,95.2,0.4,29,0,1,1,42
2024-01-22 03:37:54,0,90,11.2,1005,95.9,0.4,45,0,1,1,42
2024-01-22 03:53:09,0,90,11.6,1004,95.6,0.3,42,1,2,2,45
2024-01-22 04:08:25,0,90,12,1005,94.7,0.2,45,0,1,1,46
2024-01-22 04:23:41,0,90,12.4,1004,93.6,0.2,48,0,0,0,45
2024-01-22 04:38:56,0,90,12.6,1004,92.6,0.1,40,0,1,1,43
2024-01-22 04:54:12,0,90,12.5,1004,93,0.3,50,0,1,1,46
2024-01-22 05:09:28,0,90,12.6,1004,93,0.3,40,0,0,0,41
2024-01-22 05:24:44,0,90,12.4,1004,93.7,0.5,49,0,1,1,44
2024-01-22 05:39:59,0,90,12.4,1003,94.3,0.3,44,0,1,1,42
2024-01-22 05:55:14,0,90,12.7,1004,93.8,0.2,38,0,1,1,40
2024-01-22 06:10:29,0,90,13,1004,92.5,0.2,55,0,1,1,47
2024-01-22 06:25:45,0,90,12.8,1005,93,1,50,0,1,1,49
2024-01-22 06:41:00,0,90,12.5,1005,94.1,0.4,49,0,1,1,48
2024-01-22 06:56:17,0,90,12.5,1005,94.2,0.3,35,0,1,1,42
2024-01-22 07:11:33,0,90,12.3,1005,94.6,0.3,36,0,1,1,40
2024-01-22 07:26:49,0,90,12.3,1005,94.5,0.2,36,0,1,1,35
2024-01-22 07:42:05,0,90,12.2,1005,95.4,0.6,37,0,1,1,39
2024-01-22 07:57:21,0,90,12,1005,96.7,0.3,31,0,1,1,36
2024-01-22 08:12:37,0,90,11.9,1005,97.5,0.3,45,1,2,2,41
2024-01-22 08:27:53,0,90,11.9,1005,97.8,0.4,27,1,2,2,39
2024-01-22 08:43:08,0,90,12.2,1006,97.8,0.2,55,1,2,2,44
2024-01-22 08:58:24,0,90,12.6,1006,96.5,0.1,43,0,1,1,43
2024-01-22 09:13:40,0,90,12.9,1006,95.5,0,41,1,2,2,45
2024-01-22 09:28:57,0,90,13.1,1006,94.8,0,47,2,3,3,42
2024-01-22 09:44:11,0,90,13.4,1006,93.3,0,51,1,2,2,45
2024-01-22 09:59:27,0,90,13.4,1006,93.4,0.1,46,0,1,1,44
2024-01-22 10:14:43,0,90,12.7,1007,95.1,0.8,51,0,1,1,39
2024-01-22 10:29:58,0,90,12.6,1007,95.8,0.3,42,1,2,2,40
2024-01-22 10:45:15,0,90,12.7,1007,95.2,0.1,38,2,3,3,40
2024-01-22 11:00:31,0,90,12.9,1007,92.9,0,48,3,4,4,42
2024-01-22 11:15:47,0,90,13.1,1008,90.2,0,36,3,4,6,40
2024-01-22 11:31:04,0,90,13,1008,88.8,0.1,49,3,5,6,44
2024-01-22 11:46:18,0,90,12.4,1008,87.7,0,50,3,4,5,42
2024-01-22 12:01:36,0,90,12.3,1008,88.6,0,40,3,5,6,41
2024-01-22 12:16:51,0,90,12.4,1008,88.9,0,41,3,5,6,42
2024-01-22 12:32:06,0,90,12.9,1009,87.8,0,48,3,5,5,40
2024-01-22 12:47:23,0,90,13.1,1009,85.1,0,43,3,5,5,42
2024-01-22 13:02:39,0,90,13.2,1009,83.5,0,51,3,4,5,46
2024-01-22 13:17:55,0,90,13.1,1009,81.3,0,48,2,4,4,45
2024-01-22 13:33:12,0,90,13.2,1009,79.9,0,41,3,4,5,46
2024-01-22 13:48:28,0,90,13.6,1009,79.6,0,50,2,4,4,40
2024-01-22 14:03:41,0,90,13.7,1009,79.3,0,62,3,4,5,43
2024-01-22 14:18:58,0,90,13.6,1009,78.7,0,44,3,4,5,45
2024-01-22 14:34:13,0,90,12.8,1009,79.2,0,43,2,3,3,45
2024-01-22 14:49:30,0,90,12.4,1009,78.4,0,46,1,2,2,44
2024-01-22 15:04:46,0,90,12,1010,77.4,0,57,1,2,3,47
2024-01-22 15:20:03,0,90,11.8,1010,78.4,0,54,2,3,3,47
2024-01-22 15:35:19,0,90,11.7,1010,78.9,0,45,2,3,4,43
2024-01-22 15:50:34,0,90,11.5,1010,79.4,0,41,2,3,4,41
2024-01-22 16:05:51,0,90,11.1,1011,79.9,0,49,2,3,4,42
2024-01-22 16:21:07,0,90,10.8,1011,81.1,0,47,3,4,5,43
2024-01-22 16:36:24,0,90,10.6,1011,81.8,0,54,3,4,5,42
2024-01-22 16:51:40,0,90,10.4,1012,82.1,0,42,3,4,5,40
2024-01-22 17:06:58,0,90,10.4,1012,82.3,0,56,3,5,5,49
2024-01-22 17:22:14,0,90,10.5,1012,82.3,0,57,2,3,4,43
2024-01-22 17:37:30,0,90,10.5,1012,82.7,0,49,3,4,5,41
2024-01-22 17:52:47,0,90,10.2,1013,81.7,0,55,1,2,2,50
2024-01-22 18:08:04,0,90,10.1,1013,82.4,0,48,1,2,2,48
2024-01-22 18:23:20,0,90,10,1013,83,0,62,2,3,3,46
2024-01-22 18:38:37,0,90,9.7,1014,84,0,50,2,3,3,45
2024-01-22 18:53:55,0,90,9.9,1014,84.6,0,39,3,4,4,41
2024-01-22 19:09:12,0,90,10.1,1014,84.9,0,46,2,4,4,43
2024-01-22 19:24:28,0,90,9.8,1014,85.4,0,53,3,5,6,48
2024-01-22 19:39:45,0,90,9.6,1014,86.2,0,51,3,5,5,45
2024-01-22 19:55:02,0,90,9.8,1015,86.5,0,36,2,4,4,44
2024-01-22 20:10:19,0,90,9.8,1015,86.3,0,45,3,5,6,43
2024-01-22 20:25:36,0,90,9.9,1015,86.3,0,50,3,5,6,44
2024-01-22 20:40:53,0,90,10.1,1015,86.2,0,50,3,5,6,47
2024-01-22 20:56:10,0,90,9.8,1015,86.5,0,44,2,4,5,43
2024-01-22 21:11:26,0,90,9.4,1015,87.1,0,41,4,6,7,44
2024-01-22 21:26:44,0,90,9.2,1015,87.9,0,42,4,5,7,42
2024-01-22 21:42:00,0,90,9.6,1015,87.7,0,59,3,5,5,43
2024-01-22 21:57:18,0,90,9.8,1015,87.2,0,43,3,5,6,44
2024-01-22 22:12:34,0,90,9.9,1016,86.5,0,43,3,5,6,46
2024-01-22 22:27:51,0,90,10,1016,85.9,0,43,3,5,5,45
2024-01-22 22:43:07,0,90,10.1,1016,85.8,0,57,3,4,5,49
2024-01-22 22:58:23,0,90,10,1016,85.3,0,46,3,4,5,47
2024-01-22 23:13:41,0,90,10,1016,84.9,0,36,3,4,6,45
2024-01-22 23:28:57,0,90,9.6,1017,84.6,0,44,3,4,5,43
2024-01-22 23:44:14,0,90,9.2,1017,84.5,0,40,3,4,5,45
2024-01-22 23:59:32,0,90,8.9,1017,84.7,0,41,2,3,4,44
2024-01-23 00:14:48,0,90,8.7,1017,85,0,43,2,3,4,41
2024-01-23 00:30:04,0,90,8.5,1018,85.6,0,32,3,4,5,40
2024-01-23 00:45:21,0,90,8.9,1018,85.7,0,38,2,3,4,40
2024-01-23 01:00:38,0,90,8.9,1018,85.7,0,49,2,3,4,48
2024-01-23 01:15:54,0,90,8.7,1018,85.9,0,42,3,4,4,41
2024-01-23 01:31:12,0,90,8.5,1019,85.9,0,44,3,4,4,41
2024-01-23 01:46:30,0,90,8.4,1019,85.5,0,44,3,4,5,43
2024-01-23 02:01:46,0,90,8.3,1019,85.4,0,44,2,4,5,46
2024-01-23 02:17:02,0,90,8.2,1019,85.1,0,44,2,3,4,46
2024-01-23 02:32:20,0,90,8,1020,85.4,0,41,2,3,3,40
2024-01-23 02:47:37,0,90,7.8,1020,85.3,0,45,2,3,3,42
2024-01-23 03:02:54,0,90,7.7,1020,85.3,0,36,3,4,4,38
2024-01-23 03:18:12,0,90,7.6,1020,85,0,36,2,3,3,41
2024-01-23 03:33:30,0,90,7.5,1021,85.1,0,38,2,3,3,42
2024-01-23 04:35:06,0,90,6.7,1022,87.2,0,34,1,2,3,39
2024-01-23 04:50:24,0,90,6.7,1022,87.7,0,33,3,5,5,38
2024-01-23 05:05:40,0,90,6.5,1022,88.1,0,38,2,3,4,37
2024-01-23 05:20:59,0,90,6.5,1023,88.4,0,35,3,4,4,38
2024-01-23 05:36:17,0,90,6.4,1023,88.9,0,34,3,4,4,38
2024-01-23 05:51:34,0,90,6.4,1023,89.6,0,33,3,4,5,39
2024-01-23 06:06:51,0,90,6.4,1023,90.2,0,40,3,5,5,38
2024-01-23 06:22:09,0,90,6.4,1023,90.7,0,44,3,4,5,37
2024-01-23 06:37:27,0,90,6.4,1023,91,0,54,3,4,5,42
2024-01-23 06:52:45,0,90,6.4,1024,91.3,0,53,3,5,5,41
2024-01-23 07:08:03,0,90,6.3,1024,91.2,0,39,3,5,6,38
2024-01-23 07:23:21,0,90,6.3,1024,91.1,0,44,5,6,7,38
2024-01-23 07:38:38,0,90,6.3,1024,91.2,0,48,4,5,6,39
2024-01-23 07:53:55,0,90,6.3,1024,91.3,0,39,4,5,7,40
2024-01-23 08:09:12,0,90,6.5,1025,91.5,0,41,4,5,6,40
2024-01-23 08:24:29,0,90,6.9,1024,91.3,0,38,4,6,7,41
2024-01-23 08:39:46,0,90,7.2,1025,91.4,0,46,4,6,7,42
2024-01-23 08:55:04,0,90,7.2,1025,91.4,0,48,5,7,8,41
2024-01-23 09:10:21,0,90,7.3,1025,91.8,0,40,4,6,7,40
2024-01-23 09:25:38,0,90,7.5,1025,91.9,0,42,5,6,8,40
2024-01-23 09:40:55,0,90,7.9,1025,92.4,0,41,5,6,8,39
2024-01-23 09:56:12,0,90,8.3,1025,92.2,0,43,5,7,8,42
2024-01-23 10:11:29,0,90,9.1,1025,91.7,0,43,5,7,8,45
2024-01-23 10:26:46,0,90,9.6,1024,90.1,0,53,4,6,7,41
2024-01-23 10:42:02,0,90,10,1025,89.2,0,40,4,6,8,41
2024-01-23 10:57:18,0,90,10.5,1024,88.3,0,50,4,6,7,41
2024-01-23 11:12:33,0,90,10.8,1024,87.4,0,47,4,6,8,42
2024-01-23 11:27:50,0,90,11.1,1024,86.7,0,36,5,7,8,39
2024-01-23 11:43:06,0,90,11.4,1024,85.9,0,36,5,7,8,41
2024-01-23 11:58:23,0,90,11.8,1023,85.1,0,50,5,7,8,42
2024-01-23 12:13:39,0,90,11.7,1023,84.5,0,47,7,9,10,40
2024-01-23 12:28:56,0,90,11.4,1023,84.9,0,50,4,6,7,40
2024-01-23 12:44:12,0,90,11.3,1023,86.4,0,37,4,6,6,40
2024-01-23 12:59:27,0,90,11.4,1023,86.8,0,52,4,5,6,37
2024-01-23 13:14:45,0,90,11.5,1022,87.5,0,48,4,5,6,39
2024-01-23 13:30:01,0,90,11.3,1022,87.8,0.1,46,4,5,5,40
2024-01-23 13:45:16,0,90,11.1,1022,88.8,0.2,41,4,6,7,43
2024-01-23 14:00:33,0,90,10.8,1022,89.6,0.4,31,4,6,7,39
2024-01-23 14:15:48,0,90,10.5,1022,91,0.5,44,3,5,5,38
2024-01-23 14:31:06,0,90,10.1,1021,92.1,1,39,4,5,5,43
2024-01-23 14:46:23,0,90,10,1021,93.1,0.7,29,3,4,4,42
2024-01-23 15:01:37,0,90,9.8,1020,93.9,0.5,44,3,5,5,44
2024-01-23 15:16:54,0,90,9.8,1020,94.2,0.3,41,4,5,6,43
2024-01-23 15:32:12,0,90,9.9,1020,94,0.2,46,3,4,4,45
2024-01-23 15:47:28,0,90,10,1020,93.4,0.2,43,3,4,4,44
2024-01-23 16:02:44,0,90,9.8,1019,93.7,0.3,53,2,4,4,43
2024-01-23 16:18:01,0,90,9.8,1019,94.5,1,44,3,4,5,44
2024-01-23 16:33:17,0,90,9.8,1019,95.4,0.8,38,3,4,4,42
2024-01-23 16:48:34,0,90,9.8,1019,96.2,0.3,33,3,4,4,40
2024-01-23 17:03:50,0,90,9.9,1019,96.7,0.2,45,3,4,4,40
2024-01-23 17:19:07,0,90,10.1,1018,97.2,0.2,48,4,5,5,40
2024-01-23 17:34:24,0,90,10.4,1018,97.3,0.1,37,4,6,6,40
2024-01-23 17:49:41,0,90,10.7,1018,97.3,0,47,4,6,7,44
2024-01-23 18:04:57,0,90,11,1018,97.1,0,42,6,8,9,43
2024-01-23 18:20:14,0,90,11.2,1018,96.8,0,41,6,8,9,43
2024-01-23 18:35:30,0,90,11.4,1018,96.7,0.1,41,4,6,6,41
2024-01-23 18:50:46,0,90,11.4,1018,97,0.3,42,5,7,7,41
2024-01-23 19:06:03,0,90,11.5,1017,97.6,0.2,43,5,7,7,42
2024-01-23 19:21:19,0,90,11.8,1017,97.7,0.2,46,4,6,6,41
2024-01-23 19:36:34,0,90,11.9,1017,97.5,0.1,34,5,7,8,37
2024-01-23 19:51:51,0,90,12,1017,97.3,0,40,5,7,8,41
2024-01-23 20:07:07,0,90,12.2,1017,97.4,0,34,5,7,7,42
2024-01-23 20:22:23,0,90,12.4,1016,97.5,0,34,4,5,6,41
2024-01-23 20:37:38,0,90,12.7,1016,97.1,0,32,2,3,4,40
2024-01-23 20:52:55,0,90,12.9,1016,96.8,0,32,3,4,4,41
2024-01-23 21:08:11,0,90,13.1,1016,96.4,0,32,2,3,4,40
2024-01-23 21:23:26,0,90,13.3,1016,96.1,0,29,2,3,3,41
2024-01-23 21:38:42,0,90,13.4,1016,95.8,0,35,2,3,3,40
2024-01-23 21:53:58,0,90,13.5,1016,95.7,0,46,2,3,3,36
2024-01-23 22:09:14,0,90,13.6,1016,95.6,0,42,2,3,3,36
2024-01-23 22:24:30,0,90,13.6,1015,95.6,0,28,2,3,3,38
2024-01-23 22:39:46,0,90,13.7,1016,95.7,0,43,2,3,3,38
2024-01-23 22:55:01,0,90,13.8,1015,95.5,0,31,2,3,3,43
2024-01-23 23:10:17,0,90,13.9,1015,95.4,0,38,1,2,2,41
2024-01-23 23:25:33,0,90,13.9,1015,95.1,0,27,1,2,2,38
2024-01-23 23:40:49,0,90,14,1015,94.7,0,34,1,2,2,39
2024-01-23 23:56:05,0,90,14.2,1015,94.3,0,32,0,1,1,40
2024-01-24 00:11:19,0,90,14.3,1015,93.7,0,34,1,2,2,42
2024-01-24 00:26:34,0,90,14.4,1015,93.3,0,30,0,1,1,38
2024-01-24 00:41:50,0,90,14.4,1014,92.9,0,32,0,1,1,41
2024-01-24 00:57:05,0,90,14.5,1014,92.8,0,34,0,0,0,39
2024-01-24 01:12:22,0,90,14,1015,94.5,0.2,31,0,0,0,42
2024-01-24 01:27:36,0,90,13.8,1015,96.1,0.1,36,0,0,0,42
2024-01-24 01:42:52,0,90,13.7,1015,97.1,0.3,22,0,1,1,37
2024-01-24 01:58:09,0,90,13.6,1015,98,0.4,37,0,0,0,38
2024-01-24 02:13:24,0,90,13.4,1015,98.6,0.9,23,0,1,1,33
2024-01-24 02:28:40,0,90,13.4,1015,99.5,0.3,27,0,1,1,35
2024-01-24 02:43:55,0,90,13.3,1015,99.8,0.4,27,0,0,0,37
2024-01-24 02:59:10,0,90,13.3,1015,100,0.7,27,0,0,0,38
2024-01-24 03:14:27,0,90,13.3,1015,100,0.3,17,0,0,0,34
2024-01-24 03:29:43,0,90,13.3,1015,100,0.7,27,0,0,0,33
2024-01-24 03:44:58,0,90,13.3,1016,100,0.3,25,0,0,0,35
2024-01-24 04:00:14,0,90,13.3,1016,100,0.6,28,0,0,0,38
2024-01-24 04:15:29,0,90,13.1,1016,99.9,0.2,41,0,0,0,42
2024-01-24 04:30:45,0,90,12.8,1016,97.5,0.2,38,0,1,1,44
2024-01-24 04:46:01,0,90,12.7,1016,95.9,0.1,35,2,3,3,45
2024-01-24 05:01:17,0,90,12.8,1016,93.9,0,45,2,4,5,45
2024-01-24 05:16:33,0,90,12.8,1016,92.4,0,43,2,4,5,43
2024-01-24 05:31:48,0,90,12.7,1016,91.8,0,36,3,5,6,45
2024-01-24 05:47:05,0,90,12.7,1017,91,0,54,3,5,7,47
2024-01-24 06:02:20,0,90,12.8,1017,90.3,0,46,3,5,6,45
2024-01-24 06:17:34,0,90,12.8,1017,89.6,0,47,4,6,7,46
2024-01-24 08:05:14,0,90,12.5,1019,85.3,0,54,4,6,8,46
2024-01-24 08:20:30,0,90,12.7,1020,85.3,0,51,6,8,10,44
2024-01-24 08:35:46,0,90,12.8,1020,84.8,0,45,5,7,10,43
2024-01-24 08:51:02,0,90,12.9,1020,84.5,0,42,5,7,10,47
2024-01-24 09:06:18,0,90,12.9,1020,83.5,0,55,5,8,10,47
2024-01-24 09:21:35,0,90,13.1,1020,83.2,0,57,7,9,11,46
2024-01-24 09:36:51,0,90,13.3,1021,82.8,0,47,6,8,10,49
2024-01-24 09:52:07,0,90,13.5,1021,82.6,0,61,6,8,10,44
2024-01-24 10:07:22,0,90,13.7,1021,81.6,0,53,6,8,11,47
2024-01-24 10:22:38,0,90,13.9,1022,81.1,0,49,6,8,10,46
2024-01-24 10:37:54,0,90,14,1022,80.3,0,52,5,7,9,46
2024-01-24 10:53:10,0,90,13.9,1022,79.1,0,53,6,8,10,47
2024-01-24 11:08:25,0,90,14.1,1022,79.3,0,46,5,7,9,41
2024-01-24 11:23:41,0,90,14.3,1023,77.8,0,57,5,7,9,45
2024-01-24 11:38:57,0,90,14.4,1023,76.7,0,34,5,7,9,47
2024-01-24 11:54:13,0,90,14.4,1023,76.5,0,45,5,7,9,47
2024-01-24 12:09:28,0,90,14.8,1023,75.3,0,52,6,8,11,46
2024-01-24 12:24:44,0,90,14.9,1023,74.4,0,51,5,7,8,46
2024-01-24 12:40:00,0,90,14.7,1024,73.2,0,45,3,5,6,45
2024-01-24 12:55:16,0,90,14.8,1024,72.7,0,54,4,6,8,49
2024-01-24 13:10:31,0,90,15,1024,72.5,0,49,4,6,6,45
2024-01-24 13:25:48,0,90,14.6,1024,71.9,0,57,3,5,6,44
2024-01-24 13:41:02,0,90,14.5,1024,71.8,0,45,3,5,6,47
2024-01-24 13:56:18,0,90,14.6,1024,71.3,0,53,4,6,7,47
2024-01-24 14:11:33,0,90,14.5,1024,72.4,0,50,3,5,7,44
2024-01-24 14:26:49,0,90,14.3,1024,73.7,0,47,6,8,9,41
2024-01-24 14:42:05,0,90,13.9,1025,74.4,0,56,4,6,8,44
2024-01-24 14:57:22,0,90,13.6,1025,75.3,0,47,4,6,8,44
2024-01-24 15:12:38,0,90,13.4,1025,76.3,0,50,5,7,8,40
2024-01-24 15:27:54,0,90,13.2,1025,76.7,0,44,5,7,9,41
2024-01-24 15:43:10,0,90,13,1025,77.2,0,46,5,7,9,42
2024-01-24 15:58:25,0,90,12.8,1025,77.1,0,42,4,6,8,41
2024-01-24 16:13:41,0,90,12.6,1025,77.2,0,51,4,6,7,44
2024-01-24 16:28:57,0,90,12.5,1025,78.1,0,53,5,6,8,45
2024-01-24 16:44:14,0,90,12.3,1025,78.1,0,48,5,6,9,40
2024-01-24 16:59:30,0,90,12.3,1025,78,0,48,5,7,8,39
2024-01-24 17:14:46,0,90,12.2,1025,78.7,0,56,4,6,8,42
2024-01-24 17:30:02,0,90,12.1,1025,79.3,0,52,5,7,7,43
2024-01-24 17:45:17,0,90,12,1026,79.3,0,52,4,6,8,40
2024-01-24 18:00:33,0,90,11.9,1026,79.5,0,54,4,6,7,44
2024-01-24 18:15:50,0,90,11.8,1026,80,0,40,5,7,8,40
2024-01-24 18:31:06,0,90,11.7,1026,80.4,0,41,5,7,8,41
2024-01-24 18:46:22,0,90,11.6,1026,80.7,0,50,5,7,8,41
2024-01-24 19:01:38,0,90,11.4,1026,81.6,0,51,6,8,10,44
2024-01-24 19:16:55,0,90,11.3,1026,82.1,0,48,7,9,11,40
2024-01-24 19:32:11,0,90,11.2,1026,83,0,46,6,8,10,38
2024-01-24 19:47:27,0,90,11,1026,83.6,0,45,5,8,10,41
2024-01-24 20:02:43,0,90,10.9,1026,84.3,0,47,7,9,12,42
2024-01-24 20:18:00,0,90,10.8,1026,85.1,0,36,6,8,10,38
2024-01-24 20:33:17,0,90,10.8,1026,85.5,0,35,6,8,10,39
2024-01-24 20:48:33,0,90,10.9,1026,85.8,0,36,7,9,12,41
2024-01-24 21:03:50,0,90,10.8,1026,86.2,0,31,7,9,11,40
2024-01-24 21:19:06,0,90,10.8,1026,86.5,0,26,6,8,10,36
2024-01-24 21:34:22,0,90,10.8,1027,86.7,0,41,7,9,11,41
2024-01-24 21:49:38,0,90,10.8,1026,87.1,0,49,7,9,12,39
2024-01-24 22:04:55,0,90,10.8,1027,87.4,0,23,6,8,10,34
2024-01-24 22:20:12,0,90,10.9,1027,87.7,0,25,7,9,11,37
2024-01-24 22:35:27,0,90,10.8,1027,87.8,0,20,6,8,10,36
2024-01-24 22:50:43,0,90,10.8,1027,88,0,27,6,8,10,36
2024-01-24 23:06:00,0,90,10.7,1027,88.2,0,24,6,8,10,36
2024-01-24 23:21:18,0,90,10.8,1027,88.6,0,32,6,8,10,32
2024-01-24 23:36:33,0,90,10.5,1027,88.9,0,37,7,9,12,35
2024-01-24 23:51:50,0,90,10.4,1027,89.6,0,24,6,8,10,34
2024-01-25 00:07:07,0,90,10,1027,90.2,0,17,7,9,11,33
2024-01-25 00:22:22,0,90,9.8,1027,90.9,0,20,6,8,10,31
2024-01-25 00:37:40,0,90,9.5,1027,91.5,0,23,5,7,9,30
2024-01-25 00:52:56,0,90,9.3,1027,92.1,0,19,6,8,10,28
2024-01-25 01:08:13,0,90,9.1,1027,92.8,0,20,5,7,9,31
2024-01-25 01:23:31,0,90,9,1028,93.3,0,18,6,8,10,31
2024-01-25 01:38:48,0,90,8.8,1027,93.5,0,17,5,8,10,32
2024-01-25 01:54:05,0,90,8.6,1028,93.9,0,21,5,7,9,31
2024-01-25 02:09:23,0,90,8.5,1028,94.2,0,18,4,7,8,31
2024-01-25 02:24:40,0,90,8.3,1028,94.6,0,22,6,8,9,29
2024-01-25 02:39:56,0,90,8.1,1028,94.9,0,18,6,7,9,29
2024-01-25 02:55:13,0,90,8,1028,95.2,0,17,7,9,11,29
2024-01-25 03:10:31,0,90,7.8,1028,95.6,0,18,6,8,11,28
2024-01-25 03:25:48,0,90,7.8,1028,95.8,0,17,5,7,9,26
2024-01-25 03:41:02,0,90,7.7,1027,96.3,0,18,5,8,10,29
2024-01-25 03:56:19,0,90,7.6,1028,96.5,0,19,6,9,12,30
2024-01-25 04:11:37,0,90,7.6,1028,96.9,0,22,6,8,10,31
2024-01-25 04:26:54,0,90,7.5,1027,97,0,23,5,7,9,31
2024-01-25 04:42:11,0,90,7.4,1028,96.8,0,20,5,7,9,28
2024-01-25 04:57:27,0,90,7.2,1028,97,0,23,6,8,9,27
2024-01-25 05:12:45,0,90,7,1028,97.1,0,23,6,8,10,33
2024-01-25 05:28:02,0,90,7,1028,97.6,0,18,6,8,10,33
2024-01-25 05:43:19,0,90,7.1,1028,98.4,0,31,6,8,10,32
2024-01-25 05:58:37,0,90,7.3,1028,98.9,0,23,6,9,10,33
2024-01-25 06:13:54,0,90,7.3,1028,99,0,18,7,10,12,28
2024-01-25 06:29:11,0,90,7.3,1028,99.1,0,28,6,9,11,31
2024-01-25 06:44:27,0,90,7.5,1028,99.5,0,17,10,13,15,31
2024-01-25 06:59:45,0,90,7.6,1028,99.8,0,17,11,14,17,35
2024-01-25 08:47:32,0,90,8.7,1028,99.7,0,18,9,11,12,31
2024-01-25 09:02:49,0,90,8.9,1027,99.3,0,27,9,12,13,32
2024-01-25 09:18:06,0,90,9.3,1027,99.4,0,23,14,17,20,35
2024-01-25 09:33:21,0,90,9.8,1027,98.8,0,25,16,21,24,33
2024-01-25 09:48:39,0,90,10.3,1027,98.1,0,29,15,19,22,34
2024-01-25 10:03:55,0,90,10.7,1027,97.6,0,28,14,18,21,33
2024-01-25 10:19:11,0,90,11.1,1027,96.4,0,26,13,17,19,35
2024-01-25 10:34:28,0,90,11.4,1027,95.5,0,32,12,16,18,34
2024-01-25 10:49:44,0,90,11.5,1027,94.7,0,39,10,13,15,33
2024-01-25 11:05:01,0,90,11.9,1027,94.3,0,25,11,14,16,33
2024-01-25 11:20:17,0,90,12.1,1027,93.5,0,34,9,11,13,35
2024-01-25 11:35:32,0,90,12.3,1026,93.8,0,25,10,13,14,35
2024-01-25 11:50:49,0,90,12.2,1026,94,0,30,10,13,14,33
2024-01-25 12:52:18,0,90,11.5,1025,96.3,0.9,30,7,10,11,34
2024-01-25 13:07:34,0,90,11.7,1025,97.1,0.6,29,7,9,10,34
2024-01-25 13:22:50,0,90,12,1025,96.9,0.3,38,5,7,8,36
2024-01-25 13:38:06,0,90,12.2,1025,96.6,0.3,28,5,7,8,33
2024-01-25 13:53:23,0,90,12.3,1024,96.6,0.2,31,7,9,10,33
2024-01-25 14:08:39,0,90,12.5,1024,96.5,0.1,26,9,12,13,35
2024-01-25 14:23:55,0,90,12.4,1024,96.3,0.1,22,10,13,15,32
2024-01-25 14:39:10,0,90,12.2,1024,96.6,0.1,42,10,13,15,38
2024-01-25 14:54:27,0,90,12.2,1024,96.8,0.1,25,12,15,17,33
2024-01-25 15:09:43,0,90,12.1,1024,97.1,0,40,10,13,14,34
2024-01-25 15:25:00,0,90,11.9,1024,97.5,0,19,9,12,13,34
2024-01-25 15:40:16,0,90,12,1024,98,0,37,10,13,15,36
2024-01-25 15:55:31,0,90,12,1024,98,0,30,9,12,13,32
2024-01-25 16:10:49,0,90,12,1024,98,0,35,9,11,12,34
2024-01-25 16:26:04,0,90,12,1024,98.1,0,32,9,12,13,35
2024-01-25 16:41:21,0,90,11.9,1024,98.2,0.1,23,10,13,14,32
2024-01-25 16:56:37,0,90,11.9,1024,98.3,0.1,20,11,14,16,30
2024-01-25 17:11:53,0,90,11.8,1024,98.6,0.2,28,13,17,19,34
2024-01-25 17:27:09,0,90,11.7,1024,98.9,0.3,20,18,23,26,31
2024-01-25 17:42:25,0,90,11.8,1023,99.2,0.4,20,16,21,23,32
2024-01-25 17:57:41,0,90,11.9,1023,99.5,0.2,23,16,21,23,32
2024-01-25 18:12:57,0,90,12,1023,99.5,0.2,29,15,19,21,35
2024-01-25 18:28:14,0,90,12,1023,99.6,0.5,29,15,19,21,36
2024-01-25 18:43:30,0,90,12,1023,99.7,0.6,21,17,21,24,30
2024-01-25 18:58:47,0,90,13.5,1023,96.5,0.8,21,13,17,19,33
2024-01-25 19:14:03,0,90,12.4,1023,97.2,0.5,20,11,14,15,30
2024-01-25 19:29:19,0,90,12.1,1023,98.5,0.4,24,8,11,12,33
2024-01-25 19:44:36,0,90,12.1,1023,99.1,0.3,22,7,9,10,29
2024-01-25 19:59:52,0,90,12.1,1023,99.5,0.3,19,11,14,15,26
2024-01-25 20:15:08,0,90,12.2,1023,99.6,0.3,28,9,12,13,33
2024-01-25 20:30:24,0,90,12.2,1023,99.7,0.2,17,10,13,14,28
2024-01-25 20:45:40,0,90,12.3,1023,99.6,0.2,18,11,14,16,27
2024-01-25 21:00:58,0,90,12.3,1022,99.6,0.1,25,9,12,13,33
2024-01-25 21:16:13,0,90,12.4,1022,99.6,0.1,21,7,9,10,29
2024-01-25 21:31:30,0,90,12.4,1022,99.6,0.1,29,5,7,8,34
2024-01-25 21:46:46,0,90,12.4,1022,99.6,0.1,19,6,8,8,32
2024-01-25 22:02:02,0,90,12.4,1022,99.7,0.1,21,6,7,8,30
2024-01-25 22:17:19,0,90,12.4,1022,99.7,0.1,21,6,8,8,31
2024-01-25 22:32:35,0,90,12.3,1022,99.7,0.1,18,6,8,9,29
2024-01-25 22:47:51,0,90,12.4,1022,99.6,0,17,6,8,9,30
2024-01-25 23:03:06,0,90,12.4,1022,99.1,0,17,6,8,8,30
2024-01-25 23:18:23,0,90,12.4,1022,98.6,0,18,5,7,7,27
2024-01-25 23:33:39,0,90,12.4,1022,98.5,0,22,5,7,8,29
2024-01-25 23:48:55,0,90,12.4,1022,98.3,0,17,5,7,8,29
2024-01-26 00:04:10,0,90,12.4,1022,98.4,0,17,6,8,9,28
2024-01-26 00:19:28,0,90,12.3,1022,98.5,0,17,7,10,10,28
2024-01-26 00:34:44,0,90,12.2,1022,98.5,0,22,8,11,12,31
2024-01-26 00:49:59,0,90,12.4,1022,98.3,0,17,5,7,8,31
2024-01-26 01:05:15,0,90,12.5,1022,98.2,0,18,5,7,8,29
2024-01-26 01:20:31,0,90,12.5,1021,98.1,0,17,5,7,7,34
2024-01-26 01:35:48,0,90,12.5,1021,98.1,0,30,5,7,7,31
2024-01-26 01:51:03,0,90,12.5,1021,98,0,20,7,9,9,29
2024-01-26 02:06:19,0,90,12.5,1021,97.8,0,20,7,9,10,27
2024-01-26 02:21:35,0,90,12.4,1021,97.6,0,17,7,10,11,30
2024-01-26 02:36:50,0,90,12.4,1021,97.5,0,30,7,9,10,32
2024-01-26 02:52:07,0,90,12,1020,97.5,0,20,6,8,9,31
2024-01-26 03:07:24,0,90,12.1,1020,98,0,18,5,7,8,29
2024-01-26 03:22:39,0,90,12.2,1020,98,0,23,7,9,9,33
2024-01-26 03:37:57,0,90,12.2,1020,97.8,0,18,10,13,14,33
2024-01-26 03:53:12,0,90,12.3,1020,97.7,0,21,10,13,14,32
2024-01-26 04:08:28,0,90,12.3,1020,97.8,0,27,8,11,12,31
2024-01-26 04:23:44,0,90,12.3,1020,97.9,0.4,18,10,12,14,33
2024-01-26 04:39:00,0,90,12.3,1019,98.2,0.3,24,11,15,16,31
2024-01-26 04:54:16,0,90,12.3,1019,98.4,0.1,17,8,11,12,30
2024-01-26 05:09:31,0,90,12.2,1019,98.6,0.4,17,8,11,12,32
2024-01-26 05:24:47,0,90,12.1,1019,99.3,0.3,20,10,13,15,31
2024-01-26 05:40:03,0,90,12.1,1019,99.7,0.8,17,9,12,13,30
2024-01-26 05:55:19,0,90,12.1,1019,99.9,1,20,10,14,15,33
2024-01-26 06:10:35,0,90,12.1,1019,100,0.5,25,8,11,12,32
2024-01-26 06:25:52,0,90,12.1,1019,100,0.5,19,8,10,11,34
2024-01-26 06:41:07,0,90,12.2,1019,100,0.3,22,8,11,12,34
2024-01-26 06:56:23,0,90,12.3,1019,100,0.3,24,6,8,9,33
2024-01-26 07:11:39,0,90,12.4,1019,100,0.3,28,6,8,9,33
2024-01-26 07:26:56,0,90,12.5,1019,100,0.1,29,6,9,10,39
2024-01-26 07:42:11,0,90,12.6,1019,100,0.1,37,6,8,8,37
2024-01-26 07:57:27,0,90,12.7,1019,100,0.1,39,5,7,8,38
2024-01-26 08:12:42,0,90,12.7,1019,100,0.6,36,5,7,7,38
2024-01-26 08:27:57,0,90,12.7,1020,100,0.6,19,4,6,6,38
2024-01-26 08:43:14,0,90,12.7,1020,100,0.9,34,4,6,6,35
2024-01-26 08:58:29,0,90,12.7,1020,100,0.5,26,4,6,6,33
2024-01-26 09:13:46,0,90,12.8,1020,100,0.7,26,4,6,6,36
2024-01-26 09:29:00,0,90,12.6,1021,100,1,38,2,3,3,39
2024-01-26 09:44:17,0,90,11.7,1021,99.5,0.1,45,0,0,0,43
2024-01-26 09:59:32,0,90,12.1,1022,99.5,0,38,0,1,1,42
2024-01-26 10:14:48,0,90,12.3,1022,96.3,0.2,29,1,2,2,45
2024-01-26 10:30:04,0,90,12,1023,90.6,0,60,0,1,1,47
2024-01-26 10:45:20,0,90,11.7,1023,87.3,0,51,0,0,0,49
2024-01-26 11:00:36,0,90,12.3,1024,84.5,0,48,0,0,0,49
2024-01-26 13:34:28,0,90,11.7,1027,66.6,0,57,0,1,1,57
2024-01-26 13:49:44,0,90,12.1,1027,67,0,59,0,1,1,52
2024-01-26 14:05:00,0,90,11.2,1027,66.7,0,54,0,0,0,50
2024-01-26 14:20:17,0,90,10.7,1027,66.3,0,61,0,1,1,51
2024-01-26 14:35:33,0,90,11.1,1028,67,0,57,0,1,1,56
2024-01-26 14:50:50,0,90,11,1028,67.1,0,49,0,1,1,52
2024-01-26 15:06:06,0,90,10.6,1028,65.8,0,54,0,1,1,49
2024-01-26 15:21:22,0,90,10.2,1029,67.8,0,50,0,1,1,46
2024-01-26 15:36:39,0,90,9.9,1029,68.2,0,47,0,1,1,47
2024-01-26 15:51:57,0,90,9.6,1029,68.7,0,54,0,1,1,48
2024-01-26 16:07:12,0,90,9.4,1029,69.6,0,44,1,2,2,46
2024-01-26 16:22:29,0,90,9,1030,70.3,0,52,1,2,2,44
2024-01-26 16:37:46,0,90,8.7,1030,70.7,0,47,0,1,1,44
2024-01-26 16:53:01,0,90,8.5,1030,71,0,47,1,2,2,45
2024-01-26 17:08:18,0,90,8.3,1030,70.9,0,51,1,2,2,42
2024-01-26 17:23:36,0,90,8,1031,72.3,0,36,3,4,4,40
2024-01-26 17:38:53,0,90,7.9,1031,72.3,0,37,3,4,4,40
2024-01-26 17:54:09,0,90,7.7,1031,73.1,0,46,3,5,5,41
2024-01-26 18:09:26,0,90,7.5,1031,74.2,0,38,2,3,3,40
2024-01-26 18:24:44,0,90,7.3,1031,75.2,0,37,4,5,5,40
2024-01-26 18:40:01,0,90,7.2,1032,75.5,0,38,3,4,4,41
2024-01-26 18:55:18,0,90,7,1032,76.4,0,45,4,5,6,38
2024-01-26 19:10:36,0,90,6.9,1032,76.9,0,40,5,7,8,41
2024-01-26 19:25:53,0,90,6.7,1032,77.9,0,43,5,7,7,36
2024-01-26 19:41:11,0,90,6.4,1032,78.2,0,41,4,5,6,41
2024-01-26 19:56:28,0,90,6.2,1032,78.8,0,45,5,6,7,37
2024-01-26 20:11:47,0,90,6.1,1032,79.6,0,36,5,7,7,38
2024-01-26 20:27:04,0,90,6,1032,80.2,0,38,7,9,10,38
2024-01-26 20:42:22,0,90,6,1032,80.2,0,43,6,8,9,40
2024-01-26 20:57:40,0,90,5.9,1032,80.6,0,35,7,9,10,40
2024-01-26 21:12:57,0,90,5.8,1032,80.8,0,42,6,8,8,38
2024-01-26 21:28:15,0,90,5.7,1032,80.7,0,38,11,14,16,38
2024-01-26 21:43:32,0,90,5.6,1032,80.6,0,31,8,11,12,39
2024-01-26 21:58:51,0,90,5.5,1032,81,0,28,9,12,13,36
2024-01-26 22:14:08,0,90,5.4,1033,81.5,0,42,6,8,8,39
2024-01-26 22:29:25,0,90,5.4,1033,81.1,0,19,6,8,9,36
2024-01-26 22:44:43,0,90,5.4,1033,81.4,0,40,5,7,8,37
2024-01-26 23:00:03,0,90,5.3,1033,81.4,0,29,6,8,8,38
2024-01-26 23:15:20,0,90,5.2,1033,81.5,0,32,5,7,8,38
2024-01-26 23:30:38,0,90,5.1,1033,81.2,0,32,4,6,6,35
2024-01-26 23:45:56,0,90,5,1033,81.4,0,34,4,6,6,37
2024-01-27 00:01:14,0,90,5,1033,81.8,0,29,5,7,7,37
2024-01-27 00:16:31,0,90,4.9,1033,82,0,30,5,7,8,35
2024-01-27 00:31:50,0,90,4.8,1033,82.7,0,28,6,8,8,35
2024-01-27 00:47:08,0,90,4.7,1033,83.4,0,31,6,8,9,36
2024-01-27 01:02:26,0,90,4.6,1033,84.3,0,27,6,8,9,33
2024-01-27 01:17:44,0,90,4.5,1033,84.8,0,27,7,9,10,34
2024-01-27 01:33:02,0,90,4.4,1033,85.4,0,23,8,10,11,33
2024-01-27 01:48:20,0,90,5.7,1033,81.2,0,32,7,9,10,35
2024-01-27 02:03:38,0,90,4.7,1033,84.5,0,22,7,10,11,32
2024-01-27 02:18:55,0,90,4.3,1033,86.1,0,28,6,9,10,31
2024-01-27 02:34:15,0,90,4.1,1033,87.2,0,19,9,12,13,31
2024-01-27 02:49:33,0,90,4,1033,88.1,0,31,7,10,11,30
2024-01-27 03:04:51,0,90,4,1033,88.6,0,22,7,9,10,31
2024-01-27 03:20:09,0,90,3.8,1033,89.1,0,25,8,10,11,32
2024-01-27 03:35:27,0,90,3.7,1033,89.6,0,31,7,10,11,34
2024-01-27 03:50:45,0,90,3.7,1033,89.9,0,22,7,9,10,34
2024-01-27 04:06:02,0,90,3.7,1033,90.3,0,20,7,9,10,32
2024-01-27 04:21:21,0,90,3.6,1033,90.5,0,26,7,9,10,33
2024-01-27 04:36:40,0,90,3.5,1033,90.9,0,19,7,9,10,31
2024-01-27 04:51:57,0,90,3.6,1033,91.2,0,23,6,8,9,31
2024-01-27 05:07:17,0,90,3.4,1033,91.5,0,18,6,9,10,30
2024-01-27 05:22:34,0,90,3.3,1033,91.9,0,32,6,8,9,33
2024-01-27 05:37:52,0,90,3.3,1033,92.3,0,21,7,10,11,32
2024-01-27 05:53:11,0,90,3.4,1033,92.7,0,32,7,9,9,36
2024-01-27 06:08:29,0,90,3.4,1033,93,0,24,7,10,11,31
2024-01-27 06:23:47,0,90,3.4,1033,93,0,29,7,9,10,34
2024-01-27 06:39:06,0,90,3.4,1034,93.2,0,19,7,10,11,32
2024-01-27 06:54:23,0,90,3.3,1033,92.8,0,24,8,10,11,31
2024-01-27 07:09:43,0,90,3.2,1033,93.5,0,20,7,9,10,32
2024-01-27 07:25:00,0,90,3.1,1034,94,0,35,6,8,9,31
2024-01-27 07:40:18,0,90,3.2,1033,94.3,0,26,7,9,10,32
2024-01-27 07:55:36,0,90,3.4,1033,94.4,0,26,7,9,10,32
2024-01-27 08:10:54,0,90,3.6,1033,94.4,0,20,7,9,10,32
2024-01-27 08:26:12,0,90,3.8,1033,94.4,0,35,8,10,12,35
2024-01-27 08:41:29,0,90,4.2,1033,94.2,0,31,5,7,8,38
2024-01-27 08:56:47,0,90,4.5,1033,93.6,0,36,7,9,10,36
2024-01-27 09:12:05,0,90,4.7,1033,92.9,0,31,8,10,11,35
2024-01-27 09:27:23,0,90,4.9,1034,92.4,0,28,7,9,10,37
2024-01-27 11:30:33,0,90,8.7,1034,85.2,0,29,2,3,3,42
2024-01-27 11:45:48,0,90,9.3,1034,81.1,0,37,2,3,3,42
2024-01-27 12:01:03,0,90,9.8,1034,79,0,39,2,3,3,42
2024-01-27 12:14:54,0,90,11.1,1034,73.5,0,46,3,4,4,55
2024-01-27 12:45:44,0,90,11.3,1033,71.9,0,26,2,3,3,37
2024-01-27 13:00:59,0,90,11.3,1033,70.9,0,34,1,2,2,40
2024-01-27 13:16:15,0,90,11.3,1033,70.7,0,31,1,2,2,38
2024-01-27 13:31:31,0,90,11.2,1032,69.3,0,34,1,2,2,37
2024-01-27 13:46:47,0,90,11.1,1033,69.8,0,21,1,2,2,40
2024-01-27 14:02:03,0,90,11.1,1033,68.2,0,33,0,1,1,39
2024-01-27 14:17:19,0,90,10.9,1033,68.3,0,44,1,2,2,39
2024-01-27 14:32:36,0,90,10.4,1032,68.6,0,32,1,2,2,38
2024-01-27 14:47:52,0,90,9.9,1032,70,0,39,2,3,3,37
2024-01-27 15:03:09,0,90,9.5,1032,71.3,0,42,2,3,3,40
2024-01-27 15:18:26,0,90,9.2,1032,71.5,0,30,1,2,2,39
2024-01-27 15:33:43,0,90,9,1032,72.1,0,32,8,11,12,36
2024-01-27 15:48:58,0,90,8.8,1032,72.6,0,27,11,15,17,39
2024-01-27 16:04:16,0,90,8.4,1032,73,0,39,8,11,12,38
2024-01-27 16:19:31,0,90,8,1032,73.7,0,37,6,8,8,35
2024-01-27 16:34:49,0,90,7.8,1032,74.7,0,35,8,10,11,38
2024-01-27 16:50:06,0,90,7.7,1032,75.5,0,40,6,8,9,38
2024-01-27 17:05:23,0,90,7.5,1032,75.9,0,37,6,8,9,39
2024-01-27 17:20:40,0,90,7.3,1032,76.5,0,39,7,10,10,39
2024-01-27 17:35:58,0,90,7,1032,77.3,0,38,10,12,14,38
2024-01-27 17:51:15,0,90,6.6,1032,78.2,0,37,11,14,16,40
2024-01-27 18:06:31,0,90,6.3,1032,78.9,0,38,10,13,14,37
2024-01-27 18:21:49,0,90,6.1,1032,79.4,0,27,8,11,12,39
2024-01-27 18:37:07,0,90,5.8,1032,79.8,0,40,12,16,18,38
2024-01-27 18:52:23,0,90,5.6,1032,81,0,23,14,18,20,38
2024-01-27 19:07:41,0,90,5.3,1032,81.7,0,34,18,23,25,38
2024-01-27 19:22:59,0,90,5.1,1032,82.3,0,24,22,28,31,37
2024-01-27 19:38:17,0,90,5.1,1032,82.8,0,26,27,33,38,38
2024-01-27 19:53:33,0,90,4.9,1032,83.2,0,32,26,33,36,37
2024-01-27 20:08:50,0,90,4.8,1031,83.6,0,20,26,33,37,37
2024-01-27 20:24:09,0,90,4.6,1031,84.3,0,23,27,33,38,36
2024-01-27 20:39:27,0,90,4.4,1031,84.3,0,41,23,30,33,43
2024-01-27 20:54:44,0,90,4.3,1031,84.7,0,31,26,32,36,36
2024-01-27 21:10:02,0,90,4.2,1031,84.8,0,34,21,27,30,37
2024-01-27 21:25:21,0,90,4.2,1031,84.6,0,23,17,22,25,37
2024-01-27 21:40:39,0,90,4.1,1031,84.5,0,27,17,21,24,37
2024-01-27 21:55:57,0,90,4.1,1030,84.5,0,21,14,17,19,37
2024-01-27 22:11:14,0,90,4.1,1030,84.6,0,25,16,21,23,36
2024-01-27 22:26:32,0,90,4,1030,84.3,0,25,15,19,21,36
2024-01-27 22:41:50,0,90,4,1030,84.1,0,30,13,17,19,37
2024-01-27 22:57:09,0,90,4,1030,83.7,0,34,12,15,17,39
2024-01-27 23:12:26,0,90,4,1030,83.3,0,26,13,17,19,37
2024-01-27 23:27:45,0,90,4,1030,82.8,0,27,11,14,15,38
2024-01-27 23:43:03,0,90,3.9,1030,82.4,0,28,10,13,15,35
2024-01-27 23:58:21,0,90,3.8,1029,82.3,0,20,10,13,15,36
2024-01-28 00:13:39,0,90,3.8,1029,82.3,0,34,9,12,13,33
2024-01-28 00:28:57,0,90,3.8,1029,82,0,26,8,10,11,35
2024-01-28 00:44:16,0,90,3.8,1029,81.5,0,26,9,12,13,36
2024-01-28 00:59:34,0,90,3.9,1029,81.2,0,33,7,9,10,39
2024-01-28 01:14:52,0,90,3.8,1028,80.7,0,32,5,7,8,36
2024-01-28 01:30:09,0,90,3.9,1028,80,0,32,5,7,7,34
2024-01-28 01:45:27,0,90,4,1028,79.3,0,31,5,7,7,37
2024-01-28 02:00:45,0,90,3.9,1028,79.1,0,35,5,7,7,38
2024-01-28 02:16:04,0,90,3.8,1028,79.2,0,28,5,7,8,34
2024-01-28 02:31:22,0,90,3.7,1028,79.5,0,31,6,8,9,34
2024-01-28 02:46:39,0,90,3.6,1028,79.9,0,18,6,8,9,33
2024-01-28 03:01:58,0,90,3.5,1028,80.3,0,26,5,7,7,34
2024-01-28 03:17:16,0,90,3.4,1028,80.5,0,21,5,7,8,33
2024-01-28 03:32:33,0,90,3.4,1028,80.7,0,19,6,8,8,34
2024-01-28 03:47:52,0,90,3.4,1027,80.8,0,27,5,7,7,32
2024-01-28 04:03:10,0,90,3.4,1027,80.9,0,25,4,6,6,34
2024-01-28 04:18:27,0,90,3.5,1027,80.9,0,35,3,5,5,37
2024-01-28 04:33:45,0,90,3.6,1027,80.9,0,26,4,5,5,35
2024-01-28 04:49:03,0,90,3.7,1027,80.7,0,29,4,5,5,37
2024-01-28 05:04:20,0,90,3.8,1026,80.5,0,31,3,4,4,36
2024-01-28 05:19:39,0,90,3.8,1026,80.4,0,23,6,8,8,36
2024-01-28 05:34:57,0,90,3.7,1026,80.5,0,26,4,5,5,35
2024-01-28 05:50:14,0,90,3.6,1026,80.6,0,23,4,5,5,34
2024-01-28 06:05:32,0,90,3.5,1026,80.8,0,21,4,5,5,34
2024-01-28 06:20:52,0,90,3.4,1026,81.1,0,25,4,5,5,34
2024-01-28 06:36:09,0,90,3.4,1026,81.2,0,32,4,5,5,34
2024-01-28 06:51:27,0,90,3.4,1026,81.1,0,30,3,4,4,35
2024-01-28 07:06:45,0,90,3.2,1026,81.3,0,33,3,4,4,34
2024-01-28 07:22:03,0,90,3.2,1026,81.6,0,22,3,4,4,32
2024-01-28 07:37:21,0,90,3.3,1026,81.8,0,24,3,4,4,32
2024-01-28 07:52:39,0,90,3.5,1026,81.7,0,32,4,5,5,33
2024-01-28 08:07:57,0,90,3.6,1025,81.5,0,24,4,5,5,35
2024-01-28 08:23:15,0,90,3.9,1025,81.2,0,26,4,6,6,36
2024-01-28 08:38:34,0,90,4.3,1025,81,0,23,4,6,6,37
2024-01-28 08:53:50,0,90,4.8,1025,80.3,0,31,4,6,6,35
2024-01-28 09:09:06,0,90,5.1,1025,79.1,0,31,3,5,5,35
2024-01-28 09:24:24,0,90,5.4,1025,78.2,0,24,4,5,5,37
2024-01-28 11:24:47,0,90,10,1024,72,0,31,2,3,3,40
2024-01-28 11:33:41,0,90,10.9,1024,67.3,0,34,3,4,4,43
2024-01-28 11:48:57,0,90,11.5,1024,65.5,0,35,3,4,4,41
2024-01-28 12:07:45,0,90,12.1,1024,65.2,0,32,2,3,3,38
2024-01-28 12:17:07,0,90,12.5,1024,62.8,0,33,2,3,3,43
2024-01-28 12:32:23,0,90,12.7,1024,63.5,0,32,2,3,3,36
2024-01-28 12:47:39,0,90,12.8,1023,63.7,0,29,2,3,3,31
2024-01-28 13:02:55,0,90,13,1023,63.4,0,39,2,3,3,41
2024-01-28 13:18:11,0,90,12.9,1023,63.8,0,40,2,3,3,37
2024-01-28 13:33:27,0,90,12.9,1023,63.9,0,40,2,3,3,40
2024-01-28 13:48:41,0,90,13.3,1023,63.5,0,42,2,3,3,37
2024-01-28 14:03:58,0,90,13.7,1023,63.4,0,35,2,3,3,40
2024-01-28 14:19:14,0,90,13.9,1022,63.2,0,33,4,5,6,35
2024-01-28 14:34:29,0,90,14,1022,62.9,0,31,2,3,3,36
2024-01-28 14:49:45,0,90,13.8,1022,63.3,0,25,2,3,3,40
2024-01-28 15:05:01,0,90,13.4,1022,63.6,0,29,2,3,3,33
2024-01-28 15:20:17,0,90,13.1,1022,63.4,0,32,1,2,2,39
2024-01-28 15:35:31,0,90,12.9,1022,63.5,0,36,2,3,3,35
2024-01-28 15:50:48,0,90,12.4,1022,64.7,0,29,2,3,3,33
2024-01-28 16:06:03,0,90,11.9,1022,65.4,0,25,3,4,4,30
2024-01-28 16:21:20,0,90,11.4,1022,66.2,0,28,3,5,5,33
2024-01-28 16:36:36,0,90,11,1022,66.6,0,26,4,6,6,36
2024-01-28 16:51:52,0,90,10.7,1022,66.9,0,34,4,5,5,36
2024-01-28 17:07:09,0,90,10.6,1022,66.6,0,33,3,5,5,38
2024-01-28 17:22:24,0,90,10.4,1022,66.8,0,33,4,6,6,36
2024-01-28 17:37:41,0,90,10.3,1022,66.2,0,28,4,5,5,36
2024-01-28 17:52:58,0,90,10.2,1022,66.2,0,35,5,7,7,36
2024-01-28 18:08:14,0,90,10.1,1022,66.4,0,29,4,6,6,39
2024-01-28 18:23:31,0,90,9.8,1022,66.6,0,37,4,6,6,35
2024-01-28 18:38:47,0,90,9.8,1022,66.7,0,33,5,7,8,37
2024-01-28 18:54:05,0,90,9.9,1022,66.2,0,38,6,8,9,41
2024-01-28 19:09:19,0,90,9.7,1022,66.4,0,28,6,8,9,36
2024-01-28 19:24:36,0,90,9.6,1022,66.7,0,18,6,8,8,33
2024-01-28 19:39:53,0,90,9.4,1022,67,0,36,8,10,11,38
2024-01-28 19:55:10,0,90,9.3,1022,67.5,0,30,9,12,13,34
2024-01-28 20:10:27,0,90,9.2,1022,68,0,36,9,12,13,36
2024-01-28 20:25:44,0,90,9.1,1022,68.3,0,25,9,12,13,37
2024-01-28 20:41:01,0,90,9.1,1022,68.6,0,27,10,13,15,35
2024-01-28 20:56:16,0,90,8.9,1022,69.2,0,24,9,12,13,33
2024-01-28 21:11:33,0,90,8.8,1022,69.8,0,22,8,11,12,35
2024-01-28 21:26:50,0,90,8.9,1022,70.1,0,21,9,12,13,37
2024-01-28 21:42:07,0,90,8.9,1022,70.5,0,18,8,10,11,35
2024-01-28 21:57:24,0,90,9,1022,70.8,0,27,7,10,11,35
2024-01-28 22:12:42,0,90,9.1,1022,70.8,0,31,8,10,11,36
2024-01-28 22:27:58,0,90,9.1,1022,71,0,22,8,11,12,34
2024-01-28 22:43:16,0,90,9.1,1022,71.1,0,24,7,9,10,36
2024-01-28 22:58:34,0,90,9,1022,71.6,0,21,7,9,10,33
2024-01-28 23:13:51,0,90,9.1,1022,72.1,0,26,5,7,7,36
2024-01-28 23:29:08,0,90,9.1,1022,72.3,0,29,6,8,8,34
2024-01-28 23:44:25,0,90,9,1022,72.4,0,28,4,6,6,35
2024-01-28 23:59:43,0,90,8.9,1022,72.7,0,24,5,7,8,32
2024-01-29 00:14:59,0,90,9.1,1022,72.8,0,28,4,6,6,39
2024-01-29 00:30:17,0,90,9,1022,72.7,0,24,5,6,7,32
2024-01-29 00:45:34,0,90,9.2,1022,72.7,0,18,4,6,6,33
2024-01-29 01:00:51,0,90,9.1,1022,73,0,25,4,6,6,35
2024-01-29 01:16:07,0,90,9.1,1022,73.2,0,27,4,6,6,34
2024-01-29 01:31:25,0,90,9,1022,73.2,0,25,4,6,6,36
2024-01-29 01:46:42,0,90,8.9,1022,73.4,0,26,3,5,5,33
2024-01-29 02:01:59,0,90,8.9,1022,73.6,0,26,3,5,5,34
2024-01-29 02:17:16,0,90,8.9,1022,73.5,0,27,4,5,5,34
2024-01-29 02:32:33,0,90,8.8,1022,73.5,0,20,4,5,5,33
2024-01-29 02:47:50,0,90,8.8,1022,73.6,0,27,4,5,5,33
2024-01-29 03:03:07,0,90,8.7,1022,73.8,0,23,3,5,5,32
2024-01-29 03:18:21,0,90,8.7,1022,73.6,0,23,4,5,5,35
2024-01-29 03:33:38,0,90,8.3,1022,74.5,0,17,4,5,5,30
2024-01-29 03:48:56,0,90,8.2,1022,75.1,0,22,4,6,6,30
2024-01-29 04:04:12,0,90,8.1,1023,75.5,0,20,4,6,6,31
2024-01-29 04:19:30,0,90,7.9,1023,76,0,25,3,5,5,33
2024-01-29 04:34:47,0,90,8,1023,76.2,0,20,5,7,8,31
2024-01-29 04:50:04,0,90,8,1023,76.7,0,29,5,7,8,33
2024-01-29 05:05:20,0,90,7.9,1023,77,0,23,5,7,8,32
2024-01-29 05:20:38,0,90,7.8,1023,77.3,0,31,5,7,7,29
2024-01-29 05:35:55,0,90,7.8,1023,77.7,0,29,5,7,8,31
2024-01-29 05:51:13,0,90,7.8,1023,77.8,0,25,6,8,9,33
2024-01-29 06:06:29,0,90,7.6,1023,78.1,0,31,6,9,9,33
2024-01-29 06:21:47,0,90,7.5,1023,78.8,0,34,6,9,9,32
2024-01-29 06:37:06,0,90,7.5,1023,79.3,0,24,7,9,10,32
2024-01-29 06:52:22,0,90,7.6,1023,79.5,0,27,6,8,9,32
2024-01-29 07:07:40,0,90,7.8,1023,79.7,0,22,7,9,10,35
2024-01-29 07:22:58,0,90,7.9,1023,80.1,0,28,7,10,11,34
2024-01-29 07:38:14,0,90,7.9,1024,80.3,0,28,7,9,10,33
2024-01-29 07:53:33,0,90,8.2,1024,80.5,0,20,8,11,12,32
2024-01-29 08:08:50,0,90,8.5,1024,80.5,0,24,7,9,10,34
2024-01-29 08:24:06,0,90,8.7,1024,80.2,0,19,8,10,11,35
2024-01-29 08:39:21,0,90,9.1,1024,80.2,0,28,8,11,12,32
2024-01-29 08:54:38,0,90,9.6,1024,79.9,0,27,8,10,11,34
2024-01-29 09:09:55,0,90,10,1024,79.4,0,21,8,10,11,32
2024-01-29 10:43:39,0,90,12.5,1024,78.9,0,26,10,13,15,36
2024-01-29 12:19:12,0,90,14.1,1024,79.4,0,32,11,14,16,36
2024-01-29 12:34:27,0,90,14.4,1024,77.8,0,36,7,10,11,37
2024-01-29 12:49:43,0,90,14.5,1024,77.3,0,24,7,10,11,33
2024-01-29 13:04:58,0,90,14.7,1024,76.7,0,32,7,9,10,37
2024-01-29 13:20:13,0,90,14.9,1024,76.4,0,32,7,9,10,37
2024-01-29 13:35:29,0,90,15.3,1024,75.7,0,25,7,9,10,38
2024-01-29 13:50:45,0,90,15.7,1024,74.9,0,37,7,9,10,37
2024-01-29 14:06:00,0,90,15.7,1024,74.3,0,36,7,9,10,40
2024-01-29 14:21:16,0,90,15.7,1023,74.3,0,20,7,9,10,34
2024-01-29 14:36:31,0,90,15.6,1023,74.4,0,28,7,10,11,36
2024-01-29 14:51:47,0,90,15.4,1023,74.8,0,31,7,9,10,34
2024-01-29 15:07:02,0,90,15.2,1024,75.5,0,27,8,10,11,32
2024-01-29 15:22:18,0,90,15,1024,75.7,0,31,7,9,10,34
2024-01-29 15:37:32,0,90,14.7,1024,76.1,0,26,6,8,8,33
2024-01-29 15:52:48,0,90,14.3,1024,76.5,0,28,5,7,8,36
2024-01-29 16:08:04,0,90,14,1024,77.3,0,32,5,7,8,34
2024-01-29 16:23:19,0,90,13.6,1024,77.9,0,24,7,10,10,34
2024-01-29 16:38:36,0,90,13.4,1024,78.6,0,22,6,8,9,34
2024-01-29 16:53:51,0,90,13.2,1024,79.1,0,31,7,9,10,34
2024-01-29 17:09:07,0,90,12.9,1024,79.7,0,29,6,9,9,36
2024-01-29 17:24:24,0,90,12.8,1024,80.2,0,28,6,8,9,34
2024-01-29 17:39:39,0,90,12.7,1024,80.4,0,36,7,9,10,35
2024-01-29 17:54:56,0,90,12.5,1024,80.7,0,25,7,10,11,33
2024-01-29 18:10:11,0,90,12.3,1024,81,0,33,7,10,11,32
2024-01-29 18:25:28,0,90,12.2,1024,81.1,0,28,8,10,11,37
2024-01-29 18:40:44,0,90,12.1,1024,81.2,0,29,8,11,12,35
2024-01-29 18:56:01,0,90,12.2,1024,81.1,0,39,8,10,11,36
2024-01-29 19:11:18,0,90,12.1,1024,81.1,0,38,8,11,12,36
2024-01-29 19:26:34,0,90,12.1,1024,81,0,18,8,10,11,34
2024-01-29 19:41:51,0,90,12.2,1024,81,0,25,8,10,11,33
2024-01-29 19:57:06,0,90,12.1,1024,81.1,0,28,8,10,11,32
2024-01-29 20:12:24,0,90,12,1024,81.4,0,30,8,11,12,35
2024-01-29 20:27:40,0,90,11.8,1024,81.8,0,32,8,10,11,33
2024-01-29 20:42:56,0,90,11.7,1024,82.2,0,18,8,10,11,34
2024-01-29 20:58:13,0,90,11.6,1024,82.5,0,18,8,10,11,33
2024-01-29 21:13:31,0,90,11.5,1024,82.9,0,20,7,10,11,33
2024-01-29 21:28:46,0,90,11.4,1024,83,0,33,7,9,10,36
2024-01-29 21:44:03,0,90,11.4,1024,83.4,0,34,8,11,12,32
2024-01-29 21:59:20,0,90,11.4,1024,83.5,0,36,7,10,11,37
2024-01-29 22:14:36,0,90,11.4,1024,83.5,0,29,8,10,11,36
2024-01-29 22:29:53,0,90,11.5,1024,83.5,0,30,6,8,9,36
2024-01-29 22:45:08,0,90,11.3,1024,83.5,0,24,10,12,14,31
2024-01-29 23:00:24,0,90,11.2,1024,83.6,0,18,7,9,10,31
2024-01-29 23:15:41,0,90,11.5,1024,83.3,0,25,7,10,11,38
2024-01-29 23:30:58,0,90,11.7,1024,82.8,0,29,6,8,9,33
2024-01-29 23:46:14,0,90,11.9,1024,82.2,0,22,6,8,9,34
2024-01-30 00:01:31,0,90,12.1,1024,81.8,0,25,5,7,8,33
2024-01-30 00:16:47,0,90,12,1024,81.7,0,18,4,6,7,35
2024-01-30 00:32:03,0,90,12.1,1024,81.9,0,22,6,8,9,36
2024-01-30 00:47:19,0,90,12.2,1024,81.8,0,30,6,8,9,36
2024-01-30 01:02:35,0,90,12.3,1024,81.7,0,18,5,7,7,35
2024-01-30 01:17:51,0,90,12.3,1023,81.9,0,20,4,6,7,36
2024-01-30 01:33:07,0,90,12.5,1023,82.2,0,29,5,7,8,36
2024-01-30 01:48:24,0,90,12.5,1023,82.1,0,20,5,6,7,33
2024-01-30 02:03:40,0,90,12.6,1023,82.1,0,21,5,7,7,35
2024-01-30 02:18:56,0,90,12.6,1023,82.3,0,20,5,7,8,35
2024-01-30 02:34:13,0,90,12.6,1023,82.4,0,21,4,6,6,32
2024-01-30 02:49:29,0,90,12.6,1023,82.4,0,17,5,7,7,34
2024-01-30 03:04:45,0,90,12.6,1023,82.5,0,20,4,6,7,35
2024-01-30 03:20:00,0,90,12.7,1023,82.5,0,17,4,6,6,34
2024-01-30 03:35:16,0,90,12.8,1023,82.2,0,23,4,6,6,32
2024-01-30 03:50:32,0,90,12.8,1023,82.3,0,23,5,7,8,30
2024-01-30 04:05:49,0,90,12.8,1023,82.3,0,24,5,7,8,32
2024-01-30 04:21:05,0,90,12.8,1023,82.2,0,20,5,7,8,33
2024-01-30 04:36:21,0,90,12.7,1023,82.3,0,17,5,7,8,33
2024-01-30 04:51:38,0,90,12.7,1023,82.4,0,23,5,7,7,34
2024-01-30 05:06:53,0,90,12.7,1023,82.3,0,17,5,7,8,35
2024-01-30 05:22:09,0,90,12.6,1023,82.5,0,24,5,7,7,31
2024-01-30 05:37:25,0,90,12.6,1023,82.5,0,34,5,7,8,35
2024-01-30 05:52:42,0,90,12.6,1023,82.5,0,27,5,7,7,34
2024-01-30 06:07:58,0,90,12.6,1023,82.7,0,21,5,7,7,34
2024-01-30 06:23:14,0,90,12.4,1023,82.9,0,25,5,7,8,34
2024-01-30 06:38:30,0,90,12.3,1023,83.2,0,18,7,10,11,33
2024-01-30 06:53:47,0,90,12.4,1024,83.5,0,26,7,9,10,36
2024-01-30 07:09:02,0,90,12.3,1024,83.7,0,25,9,11,12,36
2024-01-30 07:24:18,0,90,12.5,1024,83.7,0,36,7,9,10,38
2024-01-30 07:39:34,0,90,12.8,1024,83.2,0,36,7,9,10,39
2024-01-30 07:54:51,0,90,13.1,1024,82.8,0,30,9,12,13,40
2024-01-30 08:10:07,0,90,13.2,1024,82.6,0,26,7,9,10,36
2024-01-30 08:25:23,0,90,13.3,1025,82.7,0,26,7,9,10,35
2024-01-30 08:40:39,0,90,13.5,1024,82.8,0,22,7,10,11,36
2024-01-30 08:55:55,0,90,13.8,1025,82.4,0,22,7,10,11,35
2024-01-30 09:11:10,0,90,13.6,1025,82.4,0,32,6,8,9,39
2024-01-30 09:26:26,0,90,13.8,1025,82.3,0,22,7,10,11,34
2024-01-30 09:41:42,0,90,13.7,1025,82.5,0,24,8,10,11,34
2024-01-30 09:56:59,0,90,13.6,1025,83,0,33,9,11,12,35
2024-01-30 10:12:14,0,90,13.6,1025,83.1,0,31,10,13,15,36
2024-01-30 10:27:30,0,90,13.7,1026,82.9,0,33,10,13,14,34
2024-01-30 12:07:14,0,90,14.4,1026,74,0,46,0,0,0,44
2024-01-30 12:22:31,0,90,13.5,1026,74.4,0,46,0,0,0,43
2024-01-30 12:37:46,0,90,13.8,1026,72.6,0,50,0,0,0,46
2024-01-30 12:53:01,0,90,13.3,1026,71.9,0,58,0,0,0,48
2024-01-30 13:08:17,0,90,13,1026,73.5,0,51,0,1,1,46
2024-01-30 13:23:32,0,90,13.2,1026,73.1,0,43,0,1,1,45
2024-01-30 13:38:48,0,90,13.6,1027,72.4,0,50,0,0,0,48
2024-01-30 13:54:03,0,90,13.7,1027,71.1,0,49,0,1,1,46
2024-01-30 14:09:20,0,90,13.5,1027,71.5,0,47,0,0,0,46
2024-01-30 14:24:36,0,90,13.3,1027,70.7,0,53,0,0,0,46
2024-01-30 14:39:52,0,90,13,1027,71.1,0,58,0,0,0,51
2024-01-30 14:55:08,0,90,12.8,1027,72.2,0,46,0,1,1,42
2024-01-30 15:10:24,0,90,12.4,1028,73.5,0,57,0,1,1,46
2024-01-30 15:25:40,0,90,12.2,1028,74.3,0,56,1,2,2,47
2024-01-30 15:40:57,0,90,11.8,1028,74.6,0,31,0,1,1,43
2024-01-30 15:56:13,0,90,11.7,1028,74.8,0,42,0,1,1,46
2024-01-30 16:11:30,0,90,11.6,1028,75,0,36,0,1,1,40
2024-01-30 16:26:47,0,90,11.5,1029,75.1,0,43,1,2,2,41
2024-01-30 16:42:03,0,90,11.3,1029,75.5,0,45,0,1,1,45
2024-01-30 16:57:18,0,90,11.1,1029,77.5,0,37,1,2,2,45
2024-01-30 17:12:36,0,90,10.5,1029,80.6,0.1,55,3,4,4,43
2024-01-30 17:27:52,0,90,10.3,1029,82,0,42,2,4,4,41
2024-01-30 17:43:10,0,90,10.1,1030,83.1,0,29,3,4,4,44
2024-01-30 17:58:26,0,90,10.1,1030,83.6,0,35,3,4,4,37
2024-01-30 18:13:44,0,90,10.2,1030,83,0,42,3,4,4,40
2024-01-30 18:29:00,0,90,10.2,1030,82.7,0,39,3,5,5,44
2024-01-30 18:44:15,0,90,10.1,1030,82.3,0,32,3,4,4,36
2024-01-30 18:59:32,0,90,10.1,1030,82.2,0,35,3,5,5,40
2024-01-30 19:14:49,0,90,10.1,1030,82.4,0,38,4,6,6,39
2024-01-30 19:30:04,0,90,10.1,1030,82.5,0,35,4,6,6,39
2024-01-30 19:45:22,0,90,10,1031,82.5,0,21,4,5,5,38
2024-01-30 20:00:38,0,90,9.9,1031,83.3,0,23,4,5,5,36
2024-01-30 20:15:56,0,90,9.9,1031,83.5,0,30,4,6,6,37
2024-01-30 20:31:10,0,90,9.9,1031,83.6,0,36,4,6,6,40
2024-01-30 20:46:27,0,90,9.9,1031,83.4,0,27,5,7,7,35
2024-01-30 21:01:44,0,90,9.9,1031,83.9,0,30,6,8,9,36
2024-01-30 21:17:01,0,90,9.9,1031,83.6,0,32,6,8,8,36
2024-01-30 21:32:18,0,90,9.9,1031,83.7,0,25,6,9,9,35
2024-01-30 21:47:36,0,90,9.8,1032,84,0,23,6,8,9,36
2024-01-30 22:02:53,0,90,9.7,1032,84.5,0,18,8,11,12,33
2024-01-30 22:18:07,0,90,9.7,1032,85,0,24,7,9,10,34
2024-01-30 22:33:24,0,90,9.7,1032,85.1,0,29,8,11,12,36
2024-01-30 22:48:42,0,90,9.7,1032,85.2,0,23,8,10,11,34
2024-01-30 23:03:59,0,90,9.6,1032,85.2,0,27,10,13,14,34
2024-01-30 23:19:16,0,90,9.6,1032,85.5,0,17,12,15,17,33
2024-01-30 23:34:33,0,90,9.6,1032,85.9,0,34,11,14,16,36
2024-01-30 23:49:50,0,90,9.6,1032,85.8,0,28,11,15,17,34
2024-01-31 00:05:06,0,90,9.6,1032,85.8,0,19,12,16,17,33
2024-01-31 00:20:22,0,90,9.6,1032,85.8,0,23,12,15,17,33
2024-01-31 00:35:39,0,90,9.6,1032,86.1,0,17,12,15,17,31
2024-01-31 00:50:56,0,90,9.6,1032,85.9,0,31,16,20,22,32
2024-01-31 01:06:13,0,90,9.5,1032,86.3,0,21,16,20,22,33
2024-01-31 01:21:30,0,90,9.5,1032,86.6,0,20,17,21,24,33
2024-01-31 01:36:48,0,90,9.5,1032,87,0,18,17,21,24,34
2024-01-31 01:52:03,0,90,9.4,1032,87.3,0,21,18,23,26,33
2024-01-31 02:07:20,0,90,9.4,1032,87.9,0,20,20,25,28,29
2024-01-31 02:22:37,0,90,9.4,1032,88.5,0,17,22,27,30,31
2024-01-31 02:37:53,0,90,9.4,1032,89.2,0,18,26,32,36,30
2024-01-31 02:53:10,0,90,9.4,1032,89.1,0,19,20,25,28,30
2024-01-31 03:08:27,0,90,9.5,1032,88.8,0,17,22,27,31,29
2024-01-31 03:23:46,0,90,9.5,1032,88.9,0,17,20,26,28,28
2024-01-31 03:39:02,0,90,9.5,1032,88.6,0,17,23,29,33,30
2024-01-31 03:54:19,0,90,9.4,1032,88.7,0,21,22,28,31,32
2024-01-31 04:09:36,0,90,9.3,1032,88.9,0,17,23,28,32,29
2024-01-31 04:24:54,0,90,9.2,1032,89.2,0,18,25,31,35,30
2024-01-31 04:40:11,0,90,9.2,1032,89.4,0,18,21,26,30,30
2024-01-31 04:55:28,0,90,9.2,1032,89.5,0,17,22,28,31,28
2024-01-31 05:10:42,0,90,9.2,1032,89.4,0,19,23,29,32,30
2024-01-31 05:25:59,0,90,9.1,1032,89.3,0,17,24,30,33,30
2024-01-31 05:41:17,0,90,9.1,1032,89.4,0,21,21,26,29,33
2024-01-31 05:56:34,0,90,9,1032,89.5,0,21,22,27,30,31
2024-01-31 06:11:52,0,90,9.1,1032,89.5,0,20,21,26,30,32
2024-01-31 06:27:09,0,90,9,1032,89.5,0,24,21,26,30,31
2024-01-31 06:42:26,0,90,9,1032,89.2,0,23,20,25,28,32
2024-01-31 06:57:43,0,90,9.1,1031,88.9,0,25,20,25,27,35
2024-01-31 07:13:01,0,90,9.1,1032,89,0,29,19,24,27,36
2024-01-31 07:28:18,0,90,9.1,1032,89,0,25,18,23,25,34
2024-01-31 07:43:34,0,90,9.1,1032,88.7,0,23,19,24,27,35
2024-01-31 07:58:51,0,90,9.2,1032,88.4,0,25,17,22,24,33
2024-01-31 08:14:08,0,90,9.3,1032,87.1,0,29,15,19,21,33
2024-01-31 08:29:25,0,90,9.4,1032,85.3,0,32,12,16,17,39
2024-01-31 08:44:42,0,90,9.5,1032,82.3,0,39,8,11,12,39
2024-01-31 08:59:59,0,90,9.7,1032,81.4,0,41,9,11,12,39
2024-01-31 10:32:20,0,90,10.6,1031,74,0,50,3,4,4,46
2024-01-31 10:47:36,0,90,10.6,1031,73.1,0,47,3,4,4,45
2024-01-31 11:02:52,0,90,10.7,1031,72.1,0,49,1,2,2,50
2024-01-31 11:18:09,0,90,10.9,1031,70.8,0,64,1,2,2,52
2024-01-31 11:33:26,0,90,11.1,1031,69.8,0,58,1,2,2,54
2024-01-31 11:48:43,0,90,11.6,1031,68.7,0,51,1,2,2,46
2024-01-31 12:03:59,0,90,11.8,1030,68.1,0,64,1,2,2,50
2024-01-31 12:19:16,0,90,12,1030,67.5,0,58,1,2,2,50
2024-01-31 12:34:32,0,90,12.1,1030,67,0,53,2,3,3,47
2024-01-31 12:49:49,0,90,11.8,1030,67,0,55,2,3,3,50
2024-01-31 13:05:07,0,90,11.8,1030,66.9,0,49,2,3,3,48
2024-01-31 13:20:23,0,90,12,1030,66.8,0,34,3,4,4,46
2024-01-31 13:51:05,0,90,12,1029,65.8,0,51,4,5,5,48
2024-01-31 14:06:21,0,90,11.8,1029,65.9,0,41,3,4,4,50
2024-01-31 14:21:37,0,90,11.6,1029,66.2,0,52,4,6,6,50
2024-01-31 14:36:54,0,90,11.6,1028,66.7,0,47,4,6,6,47
2024-01-31 14:52:11,0,90,11.3,1028,67.1,0,67,4,6,6,53
2024-01-31 15:07:26,0,90,11,1028,67.4,0,52,3,4,4,49
2024-01-31 15:22:44,0,90,11,1028,68.1,0,53,3,4,4,47
2024-01-31 15:38:00,0,90,10.8,1028,68.5,0,55,3,4,4,47
2024-01-31 15:53:18,0,90,10.7,1028,68.8,0,58,3,4,4,50
2024-01-31 16:08:34,0,90,10.5,1028,69.4,0,54,3,5,5,51
2024-01-31 16:23:51,0,90,10.4,1028,70.1,0,51,4,5,5,47
2024-01-31 16:39:08,0,90,10.4,1027,70.8,0,57,4,5,5,49
2024-01-31 16:54:25,0,90,10.2,1027,71.4,0,43,4,6,6,50
2024-01-31 17:09:42,0,90,10,1027,72.1,0,51,4,6,6,46
2024-01-31 17:24:58,0,90,9.9,1027,72.6,0,40,5,7,8,45
2024-01-31 17:40:15,0,90,9.8,1027,73,0,36,5,7,8,46
2024-01-31 17:55:32,0,90,9.9,1027,72.8,0,59,6,8,9,48
2024-01-31 18:10:49,0,90,9.6,1027,72.8,0,43,8,10,11,47
2024-01-31 18:26:06,0,90,9.1,1027,73.9,0,40,9,12,13,46
2024-01-31 18:41:21,0,90,9,1027,74.4,0,44,8,11,12,44
2024-01-31 18:56:38,0,90,8.7,1027,75.1,0,34,11,14,16,44
2024-01-31 19:11:55,0,90,8.8,1026,75.6,0,48,10,13,14,46
2024-01-31 19:27:13,0,90,8.9,1026,75.7,0,39,11,14,15,45
2024-01-31 19:42:30,0,90,8.8,1026,75.4,0,43,8,10,11,45
2024-01-31 19:57:47,0,90,9,1026,75.3,0,52,8,10,11,47
2024-01-31 20:13:04,0,90,9.2,1025,75.1,0,40,7,9,10,47
2024-01-31 20:28:21,0,90,9.4,1025,75,0,42,7,9,10,49
2024-01-31 20:43:38,0,90,9.6,1025,75.1,0,45,7,9,10,50
2024-01-31 20:58:55,0,90,9.7,1025,75.2,0,51,7,9,10,49
2024-01-31 21:14:12,0,90,9.8,1025,75.5,0,41,6,8,9,52
2024-01-31 21:29:29,0,90,9.8,1025,75.9,0,47,6,8,9,52
2024-01-31 21:44:45,0,90,9.9,1025,76.1,0,53,5,7,8,50
2024-01-31 22:00:01,0,90,10,1025,76.6,0,44,5,7,8,50
2024-01-31 22:15:18,0,90,10.2,1025,77.1,0,39,4,6,6,48
2024-01-31 22:30:36,0,90,10.3,1025,77.9,0,38,8,11,12,48
2024-01-31 22:45:52,0,90,10.4,1025,78,0,40,8,10,11,47
2024-01-31 23:01:09,0,90,10.4,1025,78.4,0,40,6,8,9,48
2024-01-31 23:16:26,0,90,10.5,1025,79,0,42,5,7,8,51
2024-01-31 23:31:43,0,90,10.5,1024,79.6,0,30,4,6,6,45
2024-01-31 23:47:00,0,90,10.5,1024,80.6,0,34,5,7,8,44
