timestamp,wind_speed,wind_direction,temperature,relative_humidity
2007-05-01 00:00:00,3.084576,70.0,10.0,56.3
2007-05-01 00:20:00,2.57048,80.0,10.0,53.54
2007-05-01 00:50:00,2.056384,70.0,9.0,61.52
2007-05-01 01:00:00,2.056384,70.0,9.3,59.01
2007-05-01 01:20:00,2.57048,80.0,10.0,57.52
2007-05-01 01:50:00,2.57048,80.0,9.0,57.26
2007-05-01 02:00:00,3.084576,80.0,9.2,58.56
2007-05-01 02:20:00,2.056384,90.0,9.0,57.26
2007-05-01 02:50:00,2.57048,80.0,9.0,61.52
2007-05-01 03:00:00,3.084576,80.0,8.6,61.42
2007-05-01 03:20:00,2.57048,80.0,8.0,65.83
2007-05-01 03:50:00,3.084576,80.0,8.0,65.83
2007-05-01 04:00:00,3.084576,80.0,7.9,65.81
2007-05-01 04:20:00,2.056384,70.0,6.0,75.5
2007-05-01 04:50:00,2.57048,80.0,7.0,70.48
2007-05-01 05:00:00,3.084576,80.0,7.4,70.06
2007-05-01 05:20:00,2.056384,80.0,8.0,70.68
2007-05-01 05:50:00,3.084576,80.0,10.0,61.76
2007-05-01 06:00:00,3.084576,80.0,9.7,64.82
2007-05-01 06:20:00,4.112768,80.0,11.0,61.99
2007-05-01 06:50:00,4.112768,80.0,12.0,58.02
2007-05-01 07:00:00,4.112768,80.0,11.8,58.38
2007-05-01 07:20:00,5.14096,90.0,13.0,54.34
2007-05-01 07:50:00,4.626864,90.0,14.0,50.91
2007-05-01 08:00:00,5.14096,90.0,14.3,49.93
2007-05-01 08:20:00,4.112768,90.0,16.0,48.0
2007-05-01 08:50:00,4.112768,80.0,16.0,48.0
2007-05-01 09:00:00,4.112768,80.0,16.11,46.06
2007-05-01 09:20:00,4.112768,90.0,17.0,42.0
2007-05-01 09:50:00,4.112768,80.0,18.0,39.43
2007-05-01 10:00:00,4.112768,80.0,17.7,39.34
2007-05-01 10:20:00,5.655056,80.0,19.0,37.03
2007-05-01 10:50:00,6.169152,100.0,19.0,32.14
2007-05-01 11:00:00,6.169152,100.0,19.3,31.32
2007-05-01 11:20:00,5.655056,90.0,19.0,37.03
2007-05-01 11:50:00,5.655056,90.0,20.0,32.43
2007-05-01 12:00:00,6.169152,90.0,20.1,31.77
2007-05-01 12:20:00,4.626864,70.0,20.0,37.32
2007-05-01 12:50:00,6.169152,80.0,21.0,32.72
2007-05-01 13:00:00,6.169152,80.0,20.56,34.7
2007-05-01 13:20:00,5.655056,80.0,20.0,34.8
2007-05-01 13:50:00,6.169152,70.0,21.0,28.39
2007-05-01 14:00:00,6.169152,70.0,20.56,29.92
2007-05-01 14:20:00,7.71144,90.0,21.0,28.39
2007-05-01 14:50:00,6.683248,80.0,21.0,32.72
2007-05-01 15:00:00,7.197344,80.0,20.7,32.63
2007-05-01 15:20:00,6.683248,90.0,21.0,30.49
2007-05-01 15:50:00,4.626864,80.0,21.0,32.72
2007-05-01 16:00:00,5.14096,80.0,20.56,32.37
2007-05-01 16:20:00,5.14096,90.0,21.0,26.43
2007-05-01 16:50:00,5.14096,80.0,21.0,30.49
2007-05-01 17:00:00,5.14096,80.0,20.56,31.22
2007-05-01 17:20:00,4.626864,80.0,20.0,32.43
2007-05-01 17:50:00,4.626864,80.0,20.0,32.43
2007-05-01 18:00:00,5.14096,80.0,19.7,33.04
2007-05-01 18:20:00,4.112768,60.0,19.0,39.72
2007-05-01 18:50:00,3.598672,60.0,17.0,42.0
2007-05-01 19:00:00,4.112768,60.0,17.4,40.38
2007-05-01 19:20:00,3.598672,60.0,17.0,39.14
2007-05-01 19:50:00,3.598672,60.0,16.0,41.71
2007-05-01 20:00:00,4.112768,60.0,15.56,41.89
2007-05-01 20:20:00,4.112768,60.0,15.0,41.42
2007-05-01 20:50:00,4.112768,70.0,15.0,38.56
2007-05-01 21:00:00,4.112768,70.0,15.1,38.86
2007-05-01 21:20:00,3.084576,70.0,14.0,38.26
2007-05-01 21:50:00,3.084576,80.0,14.0,38.26
2007-05-01 22:00:00,3.084576,80.0,13.89,38.79
2007-05-01 22:20:00,2.57048,80.0,13.0,40.84
2007-05-01 22:50:00,3.084576,80.0,12.0,43.61
2007-05-01 23:00:00,3.084576,80.0,12.0,43.93
2007-05-01 23:20:00,2.57048,80.0,12.0,43.61
2007-05-01 23:50:00,2.57048,80.0,11.0,46.59
2007-05-02 00:00:00,3.084576,80.0,11.0,47.96
2007-05-02 00:20:00,3.084576,80.0,11.0,46.59
2007-05-02 00:50:00,3.084576,80.0,11.0,46.59
2007-05-02 01:00:00,3.084576,80.0,10.56,47.85
2007-05-02 01:20:00,2.57048,80.0,10.0,49.81
2007-05-02 01:50:00,2.056384,80.0,9.0,53.27
2007-05-02 02:00:00,2.056384,80.0,8.6,54.73
2007-05-02 02:20:00,1.542288,70.0,8.0,61.28
2007-05-02 02:50:00,1.542288,70.0,7.0,61.03
2007-05-02 03:00:00,2.056384,70.0,7.3,61.11
2007-05-02 03:20:00,2.056384,70.0,7.0,65.61
2007-05-02 03:50:00,2.056384,80.0,7.0,65.61
2007-05-02 04:00:00,2.056384,80.0,6.6,65.99
2007-05-02 04:20:00,2.056384,70.0,6.0,70.28
2007-05-02 04:50:00,2.57048,70.0,6.0,70.28
2007-05-02 05:00:00,3.084576,70.0,6.4,66.42
2007-05-02 05:20:00,2.57048,80.0,8.0,61.28
2007-05-02 05:50:00,3.084576,80.0,9.0,53.27
2007-05-02 06:00:00,3.084576,80.0,8.7,53.97
2007-05-02 06:20:00,4.112768,80.0,10.0,49.81
2007-05-02 06:50:00,4.626864,80.0,11.0,46.59
2007-05-02 07:00:00,5.14096,80.0,10.8,47.91
2007-05-02 07:20:00,4.112768,80.0,12.0,46.88
2007-05-02 07:50:00,3.084576,70.0,13.0,43.9
2007-05-02 08:00:00,3.084576,70.0,12.7,44.77
2007-05-02 08:20:00,3.598672,60.0,13.0,43.9
2007-05-02 08:50:00,3.598672,70.0,15.0,38.56
2007-05-02 09:00:00,3.084576,70.0,14.9,37.97
2007-05-02 09:20:00,4.626864,70.0,16.0,31.28
2007-05-02 09:50:00,5.14096,70.0,17.0,33.93
2007-05-02 10:00:00,5.14096,70.0,16.6,34.55
2007-05-02 10:20:00,5.655056,70.0,17.0,31.56
2007-05-02 10:50:00,7.197344,50.0,17.0,29.35
2007-05-02 11:00:00,7.197344,50.0,17.4,29.25
2007-05-02 11:20:00,5.655056,70.0,19.0,29.92
2007-05-02 11:50:00,7.197344,70.0,18.0,29.63
2007-05-02 12:00:00,7.197344,70.0,18.5,28.93
2007-05-02 12:20:00,6.169152,80.0,19.0,24.04
2007-05-02 12:50:00,6.169152,60.0,20.0,24.32
2007-05-02 13:00:00,6.169152,60.0,19.44,25.08
2007-05-02 13:20:00,6.683248,60.0,20.0,24.32
2007-05-02 13:50:00,7.197344,60.0,20.0,24.32
2007-05-02 14:00:00,7.197344,60.0,19.6,24.93
2007-05-02 14:20:00,6.683248,70.0,20.0,22.59
2007-05-02 14:50:00,6.169152,60.0,20.0,24.32
2007-05-02 15:00:00,6.169152,60.0,19.7,24.41
2007-05-02 15:20:00,5.14096,70.0,20.0,24.32
2007-05-02 15:50:00,5.655056,70.0,20.0,26.15
2007-05-02 16:00:00,5.14096,70.0,19.8,26.29
2007-05-02 16:20:00,4.112768,80.0,20.0,28.11
2007-05-02 16:50:00,4.626864,60.0,19.0,29.92
2007-05-02 17:00:00,5.14096,60.0,19.3,30.0
2007-05-02 17:20:00,4.112768,70.0,19.0,32.14
2007-05-02 17:50:00,3.084576,70.0,18.0,34.22
2007-05-02 18:00:00,3.084576,70.0,18.1,33.76
2007-05-02 18:20:00,3.084576,60.0,17.0,39.14
2007-05-02 18:50:00,3.084576,60.0,15.0,41.42
2007-05-02 19:00:00,3.084576,60.0,15.0,41.13
2007-05-02 19:20:00,2.57048,50.0,14.0,44.19
2007-05-02 19:50:00,2.57048,50.0,13.0,50.64
2007-05-02 20:00:00,3.084576,50.0,13.0,49.22
2007-05-02 20:20:00,2.57048,50.0,13.0,47.16
2007-05-02 20:50:00,2.056384,50.0,12.0,50.36
2007-05-02 21:00:00,2.056384,50.0,12.0,51.08
2007-05-02 21:20:00,1.028192,50.0,13.0,43.9
2007-05-02 21:50:00,1.542288,50.0,12.0,46.88
2007-05-02 22:00:00,2.056384,50.0,12.0,47.56
2007-05-02 22:20:00,1.028192,50.0,12.0,46.88
2007-05-02 22:50:00,1.028192,30.0,11.0,50.08
2007-05-02 23:00:00,1.028192,30.0,11.3,47.7
2007-05-02 23:20:00,1.542288,360.0,10.0,61.76
2007-05-02 23:50:00,2.056384,30.0,8.0,65.83
2007-05-03 00:00:00,2.056384,30.0,8.4,63.61
2007-05-03 00:20:00,1.028192,20.0,9.0,57.26
2007-05-03 00:50:00,1.028192,30.0,9.0,57.26
2007-05-03 01:00:00,1.028192,30.0,8.7,60.57
2007-05-03 01:20:00,1.542288,20.0,7.0,70.48
2007-05-03 01:50:00,2.056384,50.0,7.0,75.68
2007-05-03 02:00:00,2.056384,50.0,7.3,72.58
2007-05-03 02:20:00,1.542288,60.0,8.0,70.68
2007-05-03 02:50:00,1.542288,60.0,7.0,75.68
2007-05-03 03:00:00,2.056384,60.0,7.4,73.11
2007-05-03 03:20:00,1.542288,50.0,7.0,81.2
2007-05-03 03:50:00,1.542288,50.0,7.0,81.2
2007-05-03 04:00:00,1.028192,50.0,6.9,79.49
2007-05-03 04:20:00,1.542288,50.0,6.0,86.99
2007-05-03 04:50:00,0.514096,40.0,7.0,87.09
2007-05-03 05:00:00,1.028192,40.0,7.4,84.15
2007-05-03 05:20:00,0.514096,60.0,9.0,81.47
2007-05-03 06:00:00,1.028192,40.0,9.1,82.62
2007-05-03 07:00:00,2.056384,50.0,11.2,73.29
2007-05-03 07:20:00,2.056384,60.0,13.0,66.91
2007-05-03 07:50:00,2.056384,30.0,14.0,58.52
2007-05-03 08:00:00,2.056384,30.0,13.6,61.74
2007-05-03 08:20:00,1.542288,10.0,15.0,58.77
2007-05-03 08:50:00,3.084576,20.0,16.0,51.45
2007-05-03 09:00:00,3.084576,20.0,16.0,51.1
2007-05-03 09:20:00,4.626864,40.0,18.0,42.28
2007-05-03 09:50:00,5.655056,40.0,18.0,39.43
2007-05-03 10:00:00,6.169152,40.0,17.9,40.8
2007-05-03 11:00:00,5.14096,40.0,18.89,34.48
2007-05-03 12:00:00,#VALUE!,,20.56,30.56
2007-05-03 13:00:00,3.084576,70.0,20.4,34.91
2007-05-03 13:20:00,3.598672,40.0,20.0,30.2
2007-05-03 14:00:00,4.112768,40.0,20.8,35.03
2007-05-03 14:20:00,5.14096,30.0,21.0,30.49
2007-05-03 14:50:00,3.598672,30.0,21.0,30.49
2007-05-03 15:00:00,4.112768,30.0,20.56,30.16
2007-05-03 15:20:00,3.598672,50.0,20.0,34.8
2007-05-03 15:50:00,4.626864,50.0,20.0,34.8
2007-05-03 16:00:00,5.14096,50.0,19.44,36.15
2007-05-03 16:20:00,3.598672,40.0,20.0,37.32
2007-05-03 16:50:00,4.112768,40.0,19.0,37.03
2007-05-03 17:00:00,4.112768,40.0,19.44,35.62
2007-05-03 17:20:00,4.112768,40.0,19.0,34.51
2007-05-03 17:50:00,4.112768,30.0,19.0,37.03
2007-05-03 18:00:00,4.112768,30.0,18.6,38.78
2007-05-03 18:20:00,3.598672,20.0,17.0,45.04
2007-05-03 18:50:00,3.084576,20.0,15.0,51.18
2007-05-03 19:00:00,3.084576,20.0,15.4,49.88
2007-05-03 19:20:00,2.57048,10.0,14.0,54.6
2007-05-03 19:50:00,3.084576,20.0,14.0,54.6
2007-05-03 20:00:00,3.084576,20.0,13.7,57.24
2007-05-03 20:20:00,4.112768,10.0,14.0,62.69
2007-05-03 20:50:00,4.112768,20.0,14.0,67.12
2007-05-03 21:00:00,4.112768,20.0,13.8,68.93
2007-05-03 21:20:00,3.084576,20.0,13.0,76.66
2007-05-03 21:50:00,3.084576,10.0,12.0,81.87
2007-05-03 22:00:00,3.084576,10.0,12.4,80.82
2007-05-03 22:20:00,2.57048,10.0,12.0,81.87
2007-05-03 22:50:00,2.57048,10.0,11.0,87.47
2007-05-03 23:00:00,3.084576,10.0,11.4,84.03
2007-05-03 23:20:00,2.056384,10.0,11.0,87.47
2007-05-03 23:50:00,2.056384,10.0,11.0,81.74
2007-05-04 00:00:00,2.056384,10.0,10.56,85.08
2007-05-04 00:20:00,2.056384,350.0,10.0,87.37
2007-05-04 00:50:00,2.056384,350.0,10.0,81.61
2007-05-04 01:00:00,2.056384,350.0,9.7,85.58
2007-05-04 01:20:00,1.542288,330.0,9.0,87.28
2007-05-04 01:50:00,2.57048,340.0,9.0,87.28
2007-05-04 02:00:00,3.084576,340.0,9.3,87.31
2007-05-04 02:20:00,2.056384,340.0,9.0,87.28
2007-05-04 02:50:00,1.542288,340.0,9.0,87.28
2007-05-04 03:00:00,2.056384,340.0,8.89,89.08
2007-05-04 03:20:00,2.056384,350.0,9.0,93.45
2007-05-04 03:50:00,1.542288,340.0,8.0,93.4
2007-05-04 04:00:00,2.056384,340.0,8.4,90.27
2007-05-04 04:20:00,1.542288,340.0,8.0,93.4
2007-05-04 04:50:00,1.542288,340.0,8.0,93.4
2007-05-04 05:00:00,2.056384,340.0,8.33,90.27
2007-05-04 05:20:00,1.542288,340.0,9.0,87.28
2007-05-04 05:50:00,2.056384,350.0,10.0,87.37
2007-05-04 06:00:00,2.056384,350.0,10.1,88.58
2007-05-04 06:20:00,2.57048,360.0,11.0,81.74
2007-05-04 06:50:00,2.056384,360.0,12.0,76.5
2007-05-04 07:00:00,2.056384,360.0,11.67,80.18
2007-05-04 07:20:00,2.056384,360.0,13.0,71.64
2007-05-04 07:50:00,2.57048,360.0,14.0,67.12
2007-05-04 08:00:00,3.084576,360.0,14.2,67.62
2007-05-04 08:20:00,2.57048,350.0,15.0,62.92
2007-05-04 08:50:00,3.084576,360.0,17.0,55.37
2007-05-04 09:00:00,3.084576,360.0,16.8,57.24
2007-05-04 09:20:00,3.084576,30.0,17.0,55.37
2007-05-04 09:50:00,4.112768,40.0,19.0,48.83
2007-05-04 10:00:00,5.14096,40.0,19.3,48.58
2007-05-04 10:20:00,5.14096,20.0,20.0,42.85
2007-05-04 10:50:00,6.169152,40.0,20.0,37.32
2007-05-04 11:00:00,6.169152,40.0,20.2,36.6
2007-05-04 11:20:00,6.169152,40.0,21.0,37.61
2007-05-04 11:50:00,5.655056,60.0,21.0,35.09
2007-05-04 12:00:00,6.169152,60.0,21.0,35.09
2007-05-04 12:20:00,6.169152,360.0,22.0,30.77
2007-05-04 12:50:00,6.169152,50.0,21.0,37.61
2007-05-04 13:00:00,6.169152,50.0,20.8,36.78
2007-05-04 13:20:00,5.655056,30.0,21.0,40.29
2007-05-04 13:50:00,4.626864,50.0,20.0,37.32
2007-05-04 14:00:00,5.14096,50.0,20.0,36.04
2007-05-04 14:20:00,4.112768,360.0,20.0,32.43
2007-05-04 14:50:00,#VALUE!,,20.0,32.43
2007-05-04 15:00:00,#VALUE!,,19.7,33.27
2007-05-04 15:20:00,3.598672,30.0,19.0,42.57
2007-05-04 15:50:00,2.57048,10.0,20.0,40.0
2007-05-04 16:00:00,3.084576,10.0,20.2,38.7
2007-05-04 16:20:00,2.57048,360.0,20.0,37.32
2007-05-04 16:50:00,5.655056,10.0,20.0,42.85
2007-05-04 17:00:00,6.169152,10.0,19.8,43.69
2007-05-04 17:20:00,6.169152,10.0,19.0,45.6
2007-05-04 17:50:00,6.683248,10.0,19.0,48.83
2007-05-04 18:00:00,7.197344,10.0,18.4,48.66
2007-05-04 18:20:00,7.71144,10.0,18.0,48.55
2007-05-04 18:50:00,7.71144,10.0,17.0,51.72
2007-05-04 19:00:00,7.197344,10.0,17.3,50.75
2007-05-04 19:20:00,6.169152,10.0,17.0,51.72
2007-05-04 19:50:00,5.14096,360.0,16.0,55.12
2007-05-04 20:00:00,5.14096,360.0,16.11,55.9
2007-05-04 20:20:00,5.14096,10.0,15.0,58.77
2007-05-04 20:50:00,5.14096,20.0,15.0,58.77
2007-05-04 21:00:00,5.14096,20.0,14.6,61.98
2007-05-04 21:20:00,4.626864,10.0,14.0,67.12
2007-05-04 21:50:00,4.626864,10.0,13.0,71.64
2007-05-04 22:00:00,5.14096,10.0,13.33,70.25
2007-05-04 22:20:00,4.112768,10.0,13.0,71.64
2007-05-04 22:50:00,3.598672,10.0,12.0,76.5
2007-05-04 23:00:00,4.112768,10.0,11.9,76.49
2007-05-04 23:20:00,3.084576,360.0,11.0,81.74
2007-05-04 23:50:00,3.598672,360.0,11.0,76.34
2007-05-05 00:00:00,4.112768,360.0,10.8,78.97
2007-05-05 00:20:00,3.084576,350.0,10.0,81.61
2007-05-05 00:50:00,3.598672,350.0,10.0,81.61
2007-05-05 01:00:00,4.112768,350.0,10.4,78.91
2007-05-05 01:20:00,3.598672,350.0,10.0,76.18
2007-05-05 01:50:00,3.598672,10.0,10.0,76.18
2007-05-05 02:00:00,4.112768,360.0,9.7,76.66
2007-05-05 02:20:00,4.112768,360.0,10.0,76.18
2007-05-05 02:50:00,3.598672,360.0,9.0,81.47
2007-05-05 03:00:00,4.112768,360.0,9.3,78.75
2007-05-05 03:20:00,3.598672,360.0,9.0,81.47
2007-05-05 03:50:00,3.084576,360.0,9.0,81.47
2007-05-05 04:00:00,3.084576,360.0,9.0,84.33
2007-05-05 04:20:00,3.598672,360.0,9.0,87.28
2007-05-05 04:50:00,3.598672,360.0,9.0,87.28
2007-05-05 05:00:00,4.112768,360.0,9.3,84.37
2007-05-05 05:20:00,4.112768,10.0,9.0,87.28
2007-05-05 05:50:00,4.626864,10.0,10.0,81.61
2007-05-05 06:00:00,5.14096,10.0,9.6,83.82
2007-05-05 06:20:00,4.626864,10.0,10.0,81.61
2007-05-05 06:50:00,4.626864,10.0,10.0,81.61
2007-05-05 07:00:00,5.14096,10.0,10.3,81.09
2007-05-05 07:20:00,4.626864,10.0,11.0,81.74
2007-05-05 07:50:00,5.655056,360.0,11.0,76.34
2007-05-05 08:00:00,6.169152,360.0,11.4,76.41
2007-05-05 08:20:00,5.14096,10.0,12.0,71.45
2007-05-05 08:50:00,4.626864,340.0,13.0,71.64
2007-05-05 09:00:00,5.14096,340.0,13.33,69.3
2007-05-05 09:20:00,5.655056,360.0,13.0,66.91
2007-05-05 09:50:00,5.655056,350.0,15.0,62.92
2007-05-05 10:00:00,6.169152,350.0,14.44,63.67
2007-05-05 10:20:00,5.14096,350.0,16.0,59.01
2007-05-05 10:50:00,4.626864,350.0,17.0,55.37
2007-05-05 11:00:00,5.14096,350.0,16.6,57.19
2007-05-05 11:20:00,5.14096,360.0,17.0,51.72
2007-05-05 11:50:00,4.626864,10.0,18.0,55.63
2007-05-05 12:00:00,5.14096,10.0,18.33,53.86
2007-05-05 12:20:00,4.112768,10.0,18.0,48.55
2007-05-05 12:50:00,5.14096,10.0,19.0,45.6
2007-05-05 13:00:00,5.14096,10.0,18.5,48.36
2007-05-05 13:20:00,5.655056,340.0,20.0,45.88
2007-05-05 13:50:00,5.655056,360.0,20.0,42.85
2007-05-05 14:00:00,6.169152,360.0,19.44,43.9
2007-05-05 14:20:00,4.626864,10.0,20.0,42.85
2007-05-05 14:50:00,5.14096,20.0,20.0,40.0
2007-05-05 15:00:00,5.14096,20.0,19.8,41.35
2007-05-05 15:20:00,4.626864,350.0,21.0,40.29
2007-05-05 15:50:00,6.169152,320.0,19.0,52.25
2007-05-05 16:00:00,6.169152,320.0,19.3,50.59
2007-05-05 16:20:00,6.169152,330.0,18.0,55.63
2007-05-05 16:50:00,7.197344,320.0,17.0,59.26
2007-05-05 17:00:00,7.197344,320.0,17.0,59.66
2007-05-05 17:20:00,6.683248,310.0,16.0,63.15
2007-05-05 17:50:00,5.655056,310.0,15.0,67.33
2007-05-05 18:00:00,6.169152,310.0,14.7,67.73
2007-05-05 18:20:00,6.169152,320.0,14.0,67.12
2007-05-05 18:50:00,5.14096,320.0,13.0,71.64
2007-05-05 19:00:00,6.169152,320.0,13.2,72.66
2007-05-05 19:20:00,4.626864,310.0,12.0,76.5
2007-05-05 19:50:00,4.626864,310.0,12.0,76.5
2007-05-05 20:00:00,5.14096,310.0,11.6,78.55
2007-05-05 20:20:00,4.112768,310.0,11.0,81.74
2007-05-05 20:50:00,3.598672,310.0,11.0,81.74
2007-05-05 21:00:00,4.112768,310.0,10.56,82.79
2007-05-05 21:20:00,4.112768,310.0,10.0,87.37
2007-05-05 21:50:00,3.598672,310.0,10.0,81.61
2007-05-05 22:00:00,4.112768,310.0,9.7,84.99
2007-05-05 22:20:00,3.598672,310.0,9.0,87.28
2007-05-05 22:50:00,3.598672,310.0,9.0,87.28
2007-05-05 23:00:00,4.112768,310.0,9.0,87.88
2007-05-05 23:20:00,2.57048,310.0,8.0,93.4
2007-05-05 23:50:00,2.57048,300.0,8.0,87.19
2007-05-06 00:00:00,3.084576,300.0,8.1,89.02
2007-05-06 00:20:00,3.084576,300.0,8.0,87.19
2007-05-06 00:50:00,1.542288,300.0,7.0,93.35
2007-05-06 01:00:00,2.056384,300.0,7.3,90.19
2007-05-06 01:20:00,2.056384,300.0,7.0,93.35
2007-05-06 01:50:00,2.056384,290.0,7.0,93.35
2007-05-06 02:00:00,2.056384,290.0,7.1,90.8
2007-05-06 02:20:00,3.084576,300.0,7.0,93.35
2007-05-06 02:50:00,2.056384,290.0,7.0,87.09
2007-05-06 03:00:00,3.084576,290.0,6.9,90.79
2007-05-06 03:20:00,2.056384,290.0,7.0,87.09
2007-05-06 03:50:00,2.056384,300.0,6.0,93.3
2007-05-06 04:00:00,2.056384,300.0,6.4,90.76
2007-05-06 04:20:00,1.028192,290.0,7.0,87.09
2007-05-06 04:50:00,1.542288,260.0,7.0,87.09
2007-05-06 05:00:00,2.056384,260.0,6.5,91.4
2007-05-06 05:20:00,1.542288,230.0,7.0,93.35
2007-05-06 05:50:00,3.084576,290.0,9.0,87.28
2007-05-06 06:00:00,3.084576,290.0,8.8,88.47
2007-05-06 06:20:00,3.084576,300.0,9.0,87.28
2007-05-06 06:50:00,2.056384,280.0,9.0,87.28
2007-05-06 07:00:00,2.056384,280.0,9.3,85.53
2007-05-06 07:20:00,2.056384,280.0,9.0,87.28
2007-05-06 07:50:00,2.056384,270.0,10.0,81.61
2007-05-06 08:00:00,2.056384,270.0,9.7,83.84
2007-05-06 08:20:00,2.056384,260.0,10.0,81.61
2007-05-06 08:50:00,2.57048,260.0,11.0,76.34
2007-05-06 09:00:00,3.084576,260.0,10.7,80.04
2007-05-06 09:20:00,3.084576,250.0,11.0,76.34
2007-05-06 09:50:00,3.084576,250.0,12.0,71.45
2007-05-06 10:00:00,3.084576,250.0,12.3,72.49
2007-05-06 10:20:00,3.598672,230.0,14.0,67.12
2007-05-06 10:50:00,2.57048,230.0,14.0,62.69
2007-05-06 11:00:00,3.084576,230.0,14.0,63.99
2007-05-06 11:20:00,3.084576,230.0,16.0,55.12
2007-05-06 11:50:00,4.112768,250.0,17.0,51.72
2007-05-06 12:00:00,4.112768,250.0,16.9,50.64
2007-05-06 12:20:00,4.112768,260.0,18.0,45.32
2007-05-06 12:50:00,4.626864,250.0,18.0,45.32
2007-05-06 13:00:00,5.14096,250.0,17.7,46.51
2007-05-06 13:20:00,5.14096,270.0,18.0,39.43
2007-05-06 13:50:00,5.14096,260.0,18.0,45.32
2007-05-06 14:00:00,5.14096,260.0,17.9,44.98
2007-05-06 14:20:00,5.14096,240.0,19.0,42.57
2007-05-06 14:50:00,5.14096,240.0,18.0,45.32
2007-05-06 15:00:00,5.14096,240.0,18.0,45.95
2007-05-06 15:20:00,6.169152,240.0,18.0,45.32
2007-05-06 15:50:00,6.683248,250.0,18.0,48.55
2007-05-06 16:00:00,7.197344,250.0,17.78,48.5
2007-05-06 16:20:00,6.683248,240.0,17.0,51.72
2007-05-06 16:50:00,6.683248,270.0,17.0,51.72
2007-05-06 17:00:00,7.197344,270.0,16.67,51.28
2007-05-06 17:20:00,7.197344,250.0,16.0,59.01
2007-05-06 17:50:00,7.197344,250.0,15.0,67.33
2007-05-06 18:00:00,7.197344,250.0,15.1,64.68
2007-05-06 18:20:00,6.169152,250.0,15.0,67.33
2007-05-06 18:50:00,6.169152,240.0,15.0,67.33
2007-05-06 19:00:00,6.169152,240.0,14.44,68.61
2007-05-06 19:20:00,8.225536,250.0,14.0,71.83
2007-05-06 19:50:00,6.683248,240.0,14.0,71.83
2007-05-06 20:00:00,7.197344,240.0,14.3,72.37
2007-05-06 20:20:00,6.169152,240.0,14.0,76.82
2007-05-06 20:50:00,5.655056,240.0,14.0,76.82
2007-05-06 21:00:00,6.169152,240.0,14.3,73.35
2007-05-06 21:20:00,5.655056,240.0,14.0,76.82
2007-05-06 21:50:00,7.197344,240.0,14.0,76.82
2007-05-06 22:00:00,8.225536,230.0,14.2,75.83
2007-05-06 22:20:00,7.197344,240.0,14.0,71.83
2007-05-06 22:50:00,6.683248,240.0,14.0,71.83
2007-05-06 23:00:00,7.197344,240.0,14.0,72.32
2007-05-06 23:50:00,7.71144,250.0,13.0,76.66
2007-05-07 00:00:00,7.197344,250.0,13.0,77.71
2007-05-07 00:20:00,5.655056,230.0,13.0,76.66
2007-05-07 00:50:00,5.14096,240.0,13.0,76.66
2007-05-07 01:00:00,5.14096,240.0,13.2,75.16
2007-05-07 01:20:00,7.71144,240.0,13.0,71.64
2007-05-07 01:50:00,7.71144,230.0,13.0,76.66
2007-05-07 02:00:00,8.225536,230.0,13.0,75.64
2007-05-07 02:20:00,7.197344,240.0,13.0,76.66
2007-05-07 02:50:00,5.655056,230.0,12.0,87.56
2007-05-07 03:00:00,6.169152,230.0,11.67,89.31
2007-05-07 03:20:00,5.655056,220.0,12.0,87.56
2007-05-07 03:50:00,5.655056,220.0,12.0,87.56
2007-05-07 04:00:00,6.169152,220.0,11.67,91.12
2007-05-07 04:20:00,6.683248,230.0,12.0,93.6
2007-05-07 04:50:00,7.197344,230.0,12.0,93.6
2007-05-07 05:00:00,7.197344,230.0,12.4,90.56
2007-05-07 05:20:00,7.197344,230.0,13.0,87.65
2007-05-07 05:50:00,7.197344,230.0,13.0,87.65
2007-05-07 06:00:00,7.197344,230.0,12.7,91.19
2007-05-07 06:20:00,7.197344,230.0,13.0,93.65
2007-05-07 06:50:00,7.71144,240.0,13.0,93.65
2007-05-07 07:00:00,8.225536,240.0,13.4,90.04
2007-05-07 07:20:00,8.225536,240.0,14.0,87.74
2007-05-07 07:50:00,7.71144,240.0,14.0,87.74
2007-05-07 08:00:00,8.225536,240.0,13.8,87.72
2007-05-07 08:20:00,8.225536,240.0,14.0,87.74
2007-05-07 08:50:00,8.739632,240.0,15.0,82.25
2007-05-07 09:00:00,8.739632,240.0,14.44,86.64
2007-05-07 09:20:00,7.71144,240.0,15.0,82.25
2007-05-07 09:50:00,7.197344,250.0,15.0,82.25
2007-05-07 10:00:00,7.197344,250.0,14.9,82.24
2007-05-07 10:20:00,8.739632,240.0,15.0,82.25
2007-05-07 10:50:00,8.225536,240.0,15.0,82.25
2007-05-07 11:00:00,8.225536,240.0,14.7,84.41
2007-05-07 11:20:00,9.253728,230.0,15.0,87.83
2007-05-07 11:50:00,10.28192,230.0,15.0,82.25
2007-05-07 12:00:00,9.767824,230.0,14.7,86.66
2007-05-07 12:20:00,9.767824,240.0,15.0,82.25
2007-05-07 12:50:00,9.767824,240.0,15.0,87.83
2007-05-07 13:00:00,9.767824,240.0,14.8,86.67
2007-05-07 13:20:00,10.28192,240.0,15.0,87.83
2007-05-07 13:50:00,9.767824,240.0,15.0,87.83
2007-05-07 14:00:00,9.767824,240.0,14.9,87.25
2007-05-07 14:20:00,10.28192,240.0,15.0,87.83
2007-05-07 14:50:00,9.767824,240.0,15.0,87.83
2007-05-07 15:00:00,9.767824,240.0,15.2,86.14
2007-05-07 15:20:00,11.310112,240.0,15.0,87.83
2007-05-07 15:50:00,10.796016,240.0,15.0,82.25
2007-05-07 16:00:00,10.796016,240.0,15.1,83.35
2007-05-07 16:20:00,9.253728,240.0,15.0,87.83
2007-05-07 16:50:00,8.739632,250.0,15.0,82.25
2007-05-07 17:00:00,8.739632,250.0,14.9,83.88
2007-05-07 17:20:00,10.28192,250.0,15.0,82.25
2007-05-07 17:50:00,9.767824,250.0,15.0,82.25
2007-05-07 18:00:00,9.767824,250.0,14.6,82.74
2007-05-07 18:20:00,9.767824,240.0,15.0,82.25
2007-05-07 18:50:00,9.767824,240.0,14.0,87.74
2007-05-07 19:00:00,9.767824,240.0,14.1,85.46
2007-05-07 19:20:00,8.739632,240.0,14.0,87.74
2007-05-07 19:50:00,8.225536,240.0,14.0,87.74
2007-05-07 20:00:00,8.225536,240.0,13.6,88.87
2007-05-07 20:20:00,8.225536,250.0,14.0,87.74
2007-05-07 20:50:00,8.225536,250.0,14.0,82.12
2007-05-07 21:00:00,8.225536,250.0,13.7,85.42
2007-05-07 21:20:00,7.71144,260.0,14.0,82.12
2007-05-07 21:50:00,7.71144,250.0,14.0,82.12
2007-05-07 22:00:00,8.225536,250.0,13.5,84.84
2007-05-07 22:20:00,7.71144,260.0,13.0,81.99
2007-05-07 22:50:00,8.225536,260.0,13.0,81.99
2007-05-07 23:00:00,8.225536,260.0,13.2,82.57
2007-05-07 23:20:00,8.739632,260.0,13.0,81.99
2007-05-07 23:50:00,7.197344,260.0,12.0,81.87
2007-05-08 00:00:00,7.197344,260.0,12.4,81.92
2007-05-08 00:20:00,8.225536,250.0,12.0,81.87
2007-05-08 00:50:00,6.169152,250.0,12.0,87.56
2007-05-08 01:00:00,6.169152,250.0,12.3,84.7
2007-05-08 01:20:00,6.683248,250.0,12.0,81.87
2007-05-08 01:50:00,7.197344,250.0,12.0,81.87
2007-05-08 02:00:00,7.197344,250.0,11.9,82.97
2007-05-08 02:20:00,6.683248,250.0,12.0,81.87
2007-05-08 02:50:00,5.655056,250.0,12.0,81.87
2007-05-08 03:00:00,6.169152,250.0,11.5,84.05
2007-05-08 03:20:00,6.683248,250.0,12.0,81.87
2007-05-08 03:50:00,6.683248,250.0,11.0,87.47
2007-05-08 04:00:00,7.197344,250.0,11.3,82.89
2007-05-08 04:20:00,6.169152,250.0,11.0,81.74
2007-05-08 04:50:00,7.197344,250.0,11.0,81.74
2007-05-08 05:00:00,7.197344,250.0,11.3,82.89
2007-05-08 05:20:00,7.197344,250.0,11.0,81.74
2007-05-08 05:50:00,6.683248,250.0,11.0,81.74
2007-05-08 06:00:00,7.197344,250.0,11.3,81.22
2007-05-08 06:20:00,7.71144,250.0,11.0,81.74
2007-05-08 06:50:00,7.71144,250.0,12.0,76.5
2007-05-08 07:00:00,8.225536,250.0,11.5,78.54
2007-05-08 07:20:00,7.197344,250.0,12.0,76.5
2007-05-08 07:50:00,8.225536,240.0,12.0,76.5
2007-05-08 08:00:00,8.225536,240.0,12.3,74.5
2007-05-08 08:20:00,7.71144,240.0,12.0,71.45
2007-05-08 08:50:00,7.71144,240.0,13.0,71.64
2007-05-08 09:00:00,8.225536,240.0,13.33,70.73
2007-05-08 09:20:00,8.225536,250.0,14.0,62.69
2007-05-08 09:50:00,8.225536,240.0,14.0,62.69
2007-05-08 10:00:00,8.225536,240.0,14.0,63.56
2007-05-08 10:20:00,8.225536,250.0,14.0,62.69
2007-05-08 10:50:00,8.739632,240.0,14.0,62.69
2007-05-08 11:00:00,8.739632,240.0,14.3,61.49
2007-05-08 11:20:00,6.683248,250.0,14.0,62.69
2007-05-08 11:50:00,9.253728,250.0,13.0,62.46
2007-05-08 12:00:00,8.739632,250.0,12.78,65.06
2007-05-08 12:20:00,6.169152,240.0,12.0,81.87
2007-05-08 12:50:00,5.14096,230.0,13.0,81.99
2007-05-08 13:00:00,5.14096,230.0,12.78,84.19
2007-05-08 13:20:00,5.655056,230.0,13.0,81.99
2007-05-08 13:50:00,8.225536,240.0,14.0,76.82
2007-05-08 14:00:00,8.225536,240.0,14.3,77.39
2007-05-08 14:20:00,10.28192,250.0,15.0,72.01
2007-05-08 14:50:00,11.824208,260.0,15.0,67.33
2007-05-08 15:00:00,11.824208,260.0,15.4,64.74
2007-05-08 15:20:00,9.767824,260.0,15.0,67.33
2007-05-08 15:50:00,8.225536,250.0,15.0,67.33
2007-05-08 16:00:00,8.225536,250.0,15.4,66.07
2007-05-08 16:20:00,10.28192,260.0,15.0,62.92
2007-05-08 16:50:00,10.28192,250.0,15.0,67.33
2007-05-08 17:00:00,9.767824,250.0,15.2,65.58
2007-05-08 17:20:00,9.767824,250.0,15.0,67.33
2007-05-08 17:50:00,9.767824,250.0,15.0,67.33
2007-05-08 18:00:00,9.767824,250.0,14.6,67.25
2007-05-08 18:20:00,10.796016,250.0,14.0,71.83
2007-05-08 18:50:00,9.253728,240.0,14.0,71.83
2007-05-08 19:00:00,8.739632,240.0,14.0,70.87
2007-05-08 19:20:00,8.739632,240.0,14.0,71.83
2007-05-08 19:50:00,8.739632,250.0,13.0,76.66
2007-05-08 20:00:00,8.739632,250.0,13.4,73.69
2007-05-08 20:20:00,8.225536,240.0,13.0,76.66
2007-05-08 20:50:00,8.225536,250.0,13.0,76.66
2007-05-08 21:00:00,8.225536,250.0,13.1,74.13
2007-05-08 21:20:00,7.71144,250.0,13.0,71.64
2007-05-08 21:50:00,7.71144,250.0,13.0,71.64
2007-05-08 22:00:00,8.225536,250.0,12.78,73.58
2007-05-08 22:20:00,7.197344,250.0,13.0,71.64
2007-05-08 22:50:00,8.225536,240.0,12.0,81.87
2007-05-08 23:00:00,8.225536,240.0,12.4,77.09
2007-05-08 23:20:00,7.197344,240.0,12.0,81.87
2007-05-08 23:50:00,6.683248,250.0,11.0,81.74
2007-05-09 00:00:00,7.197344,250.0,11.4,81.79
2007-05-09 00:20:00,7.197344,250.0,11.0,81.74
2007-05-09 00:50:00,6.683248,250.0,11.0,81.74
2007-05-09 01:00:00,7.197344,250.0,10.56,83.94
2007-05-09 01:20:00,5.655056,250.0,10.0,87.37
2007-05-09 01:50:00,5.655056,240.0,10.0,87.37
2007-05-09 02:00:00,6.169152,240.0,10.2,87.99
2007-05-09 02:20:00,5.655056,240.0,10.0,87.37
2007-05-09 02:50:00,5.14096,240.0,10.0,87.37
2007-05-09 03:00:00,5.14096,240.0,10.1,88.58
2007-05-09 03:20:00,4.626864,240.0,10.0,87.37
2007-05-09 03:50:00,4.112768,240.0,10.0,87.37
2007-05-09 04:00:00,5.14096,240.0,10.1,89.79
2007-05-09 04:20:00,4.112768,240.0,10.0,87.37
2007-05-09 04:50:00,3.598672,240.0,10.0,93.5
2007-05-09 05:00:00,4.112768,240.0,10.2,89.19
2007-05-09 05:20:00,4.112768,250.0,10.0,93.5
2007-05-09 05:50:00,3.598672,250.0,11.0,87.47
2007-05-09 06:00:00,4.112768,250.0,10.56,88.62
2007-05-09 06:20:00,2.57048,260.0,11.0,87.47
2007-05-09 06:50:00,4.112768,280.0,10.0,93.5
2007-05-09 07:00:00,4.112768,280.0,10.4,89.21
2007-05-09 07:20:00,2.57048,300.0,10.0,93.5
2007-05-09 07:50:00,2.57048,310.0,10.0,87.37
2007-05-09 08:00:00,3.084576,310.0,9.8,91.61
2007-05-09 08:20:00,1.542288,300.0,10.0,93.5
2007-05-09 08:50:00,#VALUE!,,11.0,87.47
2007-05-09 09:00:00,1.028192,280.0,10.56,90.43
2007-05-09 09:20:00,1.542288,280.0,11.0,87.47
2007-05-09 09:50:00,#VALUE!,,11.0,87.47
2007-05-09 10:00:00,1.028192,260.0,10.9,90.46
2007-05-09 10:20:00,1.542288,260.0,11.0,93.55
2007-05-09 10:50:00,2.056384,260.0,12.0,87.56
2007-05-09 11:00:00,2.056384,260.0,12.0,88.74
2007-05-09 11:20:00,3.084576,290.0,12.0,93.6
2007-05-09 11:50:00,2.57048,310.0,12.0,93.6
2007-05-09 12:00:00,3.084576,310.0,12.4,89.96
2007-05-09 12:20:00,2.57048,300.0,13.0,87.65
2007-05-09 12:50:00,2.57048,280.0,13.0,87.65
2007-05-09 13:00:00,3.084576,280.0,12.7,91.79
2007-05-09 13:20:00,3.084576,260.0,13.0,87.65
2007-05-09 13:50:00,3.598672,270.0,13.0,87.65
2007-05-09 14:00:00,4.112768,270.0,12.78,90.59
2007-05-09 14:20:00,3.084576,250.0,13.0,87.65
2007-05-09 14:50:00,3.598672,260.0,13.0,87.65
2007-05-09 15:00:00,4.112768,260.0,13.0,90.01
2007-05-09 15:20:00,3.598672,270.0,13.0,93.65
2007-05-09 15:50:00,5.14096,270.0,13.0,93.65
2007-05-09 16:00:00,5.14096,270.0,13.1,91.82
2007-05-09 16:20:00,5.655056,260.0,13.0,93.65
2007-05-09 16:50:00,6.169152,260.0,13.0,93.65
2007-05-09 17:00:00,6.169152,260.0,13.4,90.63
2007-05-09 17:20:00,5.14096,250.0,13.0,93.65
2007-05-09 17:50:00,6.169152,240.0,13.0,93.65
2007-05-09 18:00:00,6.169152,240.0,13.4,91.23
2007-05-09 18:20:00,6.169152,240.0,13.0,93.65
2007-05-09 18:50:00,7.197344,250.0,13.0,93.65
2007-05-09 19:00:00,7.197344,250.0,13.33,89.44
2007-05-09 19:20:00,6.169152,240.0,13.0,87.65
2007-05-09 19:50:00,5.655056,230.0,13.0,87.65
2007-05-09 20:00:00,6.169152,230.0,13.1,88.24
2007-05-09 20:20:00,5.14096,230.0,13.0,87.65
2007-05-09 20:50:00,4.626864,230.0,13.0,87.65
2007-05-09 21:00:00,5.14096,230.0,12.9,88.81
2007-05-09 21:20:00,5.14096,230.0,13.0,87.65
2007-05-09 21:50:00,4.626864,230.0,13.0,87.65
2007-05-09 22:00:00,5.14096,230.0,12.9,89.4
2007-05-09 22:20:00,5.14096,240.0,13.0,87.65
2007-05-09 22:50:00,5.655056,240.0,13.0,87.65
2007-05-09 23:00:00,6.169152,240.0,13.2,87.09
2007-05-09 23:20:00,6.169152,240.0,13.0,87.65
2007-05-09 23:50:00,6.169152,240.0,13.0,87.65
2007-05-10 00:00:00,6.169152,240.0,13.2,85.37
2007-05-10 00:20:00,6.169152,240.0,13.0,87.65
2007-05-10 00:50:00,6.683248,240.0,13.0,87.65
2007-05-10 01:00:00,7.197344,240.0,13.33,84.25
2007-05-10 01:20:00,7.197344,240.0,13.0,87.65
2007-05-10 01:50:00,8.225536,240.0,13.0,87.65
2007-05-10 02:00:00,8.225536,240.0,13.2,84.24
2007-05-10 02:20:00,8.225536,240.0,13.0,87.65
2007-05-10 02:50:00,8.739632,230.0,13.0,87.65
2007-05-10 03:00:00,8.225536,230.0,13.2,84.8
2007-05-10 03:20:00,6.683248,230.0,13.0,87.65
2007-05-10 03:50:00,8.739632,230.0,14.0,82.12
2007-05-10 04:00:00,8.739632,230.0,13.6,82.62
2007-05-10 04:20:00,8.225536,240.0,14.0,76.82
2007-05-10 04:50:00,7.197344,230.0,13.0,81.99
2007-05-10 05:00:00,7.197344,230.0,13.4,81.5
2007-05-10 05:50:00,8.225536,230.0,13.0,81.99
2007-05-10 06:00:00,8.225536,230.0,13.4,79.35
2007-05-10 06:20:00,7.71144,230.0,13.0,81.99
2007-05-10 06:50:00,7.197344,230.0,13.0,87.65
2007-05-10 07:00:00,8.225536,230.0,13.0,86.49
2007-05-10 07:20:00,6.683248,230.0,13.0,87.65
2007-05-10 07:50:00,7.71144,230.0,14.0,82.12
2007-05-10 08:00:00,8.225536,230.0,13.6,83.73
2007-05-10 08:20:00,8.225536,230.0,14.0,82.12
2007-05-10 08:50:00,7.197344,230.0,15.0,76.98
2007-05-10 09:00:00,7.197344,230.0,14.7,77.96
2007-05-10 09:20:00,7.197344,230.0,15.0,76.98
2007-05-10 09:50:00,5.655056,240.0,15.0,76.98
2007-05-10 10:00:00,5.14096,240.0,14.8,79.02
2007-05-10 10:20:00,6.683248,230.0,15.0,76.98
2007-05-10 10:50:00,6.683248,220.0,15.0,76.98
2007-05-10 11:00:00,7.197344,220.0,14.9,78.51
2007-05-10 11:20:00,6.683248,230.0,15.0,82.25
2007-05-10 11:50:00,7.71144,240.0,16.0,72.2
2007-05-10 12:00:00,8.225536,240.0,15.7,75.08
2007-05-10 12:20:00,7.197344,210.0,17.0,77.29
2007-05-10 12:50:00,8.225536,230.0,17.0,72.38
2007-05-10 13:00:00,8.225536,230.0,16.9,74.29
2007-05-10 13:20:00,6.169152,230.0,17.0,72.38
2007-05-10 13:50:00,6.169152,210.0,17.0,72.38
2007-05-10 14:00:00,6.169152,210.0,16.6,74.24
2007-05-10 14:20:00,6.169152,220.0,17.0,72.38
2007-05-10 14:50:00,6.683248,210.0,17.0,72.38
2007-05-10 15:00:00,7.197344,210.0,17.1,70.98
2007-05-10 15:20:00,7.197344,210.0,17.0,67.75
2007-05-10 15:50:00,7.197344,220.0,17.0,67.75
2007-05-10 16:00:00,7.197344,220.0,17.22,68.24
2007-05-10 16:20:00,6.169152,210.0,18.0,63.6
2007-05-10 16:50:00,5.14096,220.0,18.0,63.6
2007-05-10 17:00:00,5.14096,220.0,17.6,66.1
2007-05-10 17:20:00,4.626864,220.0,17.0,67.75
2007-05-10 17:50:00,4.626864,210.0,18.0,63.6
2007-05-10 18:00:00,5.14096,210.0,17.5,67.4
2007-05-10 18:20:00,3.084576,190.0,17.0,72.38
2007-05-10 18:50:00,2.056384,200.0,17.0,72.38
2007-05-10 19:00:00,2.056384,200.0,16.5,73.74
2007-05-10 19:20:00,2.056384,200.0,16.0,77.14
2007-05-10 19:50:00,3.084576,280.0,16.0,77.14
2007-05-10 20:00:00,3.084576,280.0,16.4,75.19
2007-05-10 20:20:00,2.056384,300.0,16.0,77.14
2007-05-10 20:50:00,2.57048,280.0,16.0,77.14
2007-05-10 21:00:00,3.084576,280.0,15.7,79.67
2007-05-10 21:20:00,3.598672,280.0,15.0,82.25
2007-05-10 21:50:00,2.57048,250.0,15.0,82.25
2007-05-10 22:00:00,3.084576,250.0,14.9,80.09
2007-05-10 22:20:00,2.57048,230.0,15.0,82.25
2007-05-10 22:50:00,2.056384,220.0,15.0,76.98
2007-05-10 23:00:00,2.056384,220.0,14.44,81.64
2007-05-10 23:20:00,2.57048,190.0,14.0,87.74
2007-05-10 23:50:00,3.084576,200.0,14.0,87.74
2007-05-11 00:00:00,3.084576,200.0,14.2,88.34
2007-05-11 00:20:00,5.655056,210.0,15.0,76.98
2007-05-11 00:50:00,7.197344,220.0,14.0,82.12
2007-05-11 01:00:00,7.197344,220.0,13.89,81.02
2007-05-11 01:20:00,6.169152,210.0,14.0,76.82
2007-05-11 01:50:00,7.197344,210.0,14.0,76.82
2007-05-11 02:00:00,7.197344,210.0,13.8,76.79
2007-05-11 02:20:00,8.739632,210.0,14.0,71.83
2007-05-11 02:50:00,9.253728,220.0,14.0,71.83
2007-05-11 03:00:00,8.739632,210.0,14.0,72.32
2007-05-11 03:20:00,8.225536,220.0,14.0,71.83
2007-05-11 03:50:00,9.767824,220.0,12.0,81.87
2007-05-11 04:00:00,9.767824,220.0,12.4,81.37
2007-05-11 04:20:00,9.767824,220.0,13.0,81.99
2007-05-11 04:50:00,9.253728,220.0,12.0,87.56
2007-05-11 05:00:00,8.739632,220.0,12.1,86.4
2007-05-11 05:20:00,9.767824,220.0,13.0,76.66
2007-05-11 05:50:00,11.824208,220.0,12.0,81.87
2007-05-11 06:00:00,11.824208,220.0,12.4,81.37
2007-05-11 06:20:00,10.796016,230.0,12.0,87.56
2007-05-11 06:50:00,12.8524,230.0,12.0,76.5
2007-05-11 07:00:00,12.8524,230.0,11.9,78.6
2007-05-11 07:20:00,13.366496,230.0,11.0,87.47
2007-05-11 07:50:00,13.880592,250.0,11.0,87.47
2007-05-11 08:00:00,13.880592,250.0,10.8,88.04
2007-05-11 08:20:00,12.8524,250.0,10.0,87.37
2007-05-11 08:50:00,11.824208,250.0,10.0,87.37
2007-05-11 09:00:00,11.824208,250.0,9.7,90.37
2007-05-11 09:20:00,11.310112,260.0,10.0,87.37
2007-05-11 09:50:00,10.28192,270.0,11.0,87.47
2007-05-11 10:00:00,9.767824,270.0,11.3,84.59
2007-05-11 10:20:00,9.767824,270.0,12.0,76.5
2007-05-11 10:50:00,8.739632,270.0,14.0,67.12
2007-05-11 11:00:00,8.739632,270.0,13.4,66.54
2007-05-11 11:20:00,6.169152,250.0,14.0,67.12
2007-05-11 11:50:00,6.683248,240.0,15.0,62.92
2007-05-11 12:00:00,7.197344,240.0,14.44,65.87
2007-05-11 12:20:00,8.225536,260.0,15.0,54.86
2007-05-11 12:50:00,9.253728,250.0,15.0,54.86
2007-05-11 13:00:00,9.767824,250.0,14.44,57.45
2007-05-11 13:20:00,6.683248,260.0,15.0,62.92
2007-05-11 13:50:00,9.767824,240.0,16.0,48.0
2007-05-11 14:00:00,9.767824,240.0,16.11,48.03
2007-05-11 14:20:00,10.796016,250.0,16.0,44.76
2007-05-11 14:50:00,8.739632,250.0,16.0,44.76
2007-05-11 15:00:00,8.739632,250.0,15.7,47.25
2007-05-11 15:20:00,9.253728,260.0,16.0,41.71
2007-05-11 15:50:00,8.739632,250.0,16.0,48.0
2007-05-11 16:00:00,8.739632,250.0,15.9,46.98
2007-05-11 16:20:00,7.197344,260.0,16.0,44.76
2007-05-11 16:50:00,7.197344,220.0,15.0,54.86
2007-05-11 17:00:00,7.197344,220.0,14.6,54.75
2007-05-11 17:20:00,5.14096,230.0,14.0,62.69
2007-05-11 17:50:00,4.626864,220.0,14.0,62.69
2007-05-11 18:00:00,5.14096,220.0,13.7,63.93
2007-05-11 18:20:00,3.084576,200.0,13.0,66.91
2007-05-11 18:50:00,2.57048,190.0,13.0,71.64
2007-05-11 19:00:00,3.084576,190.0,12.9,71.62
2007-05-11 19:20:00,2.056384,170.0,12.0,81.87
2007-05-11 19:50:00,2.57048,140.0,12.0,76.5
2007-05-11 20:00:00,3.084576,140.0,12.4,73.51
2007-05-11 20:20:00,3.598672,170.0,13.0,71.64
2007-05-11 20:50:00,4.626864,200.0,12.0,81.87
2007-05-11 21:00:00,5.14096,200.0,12.0,80.77
2007-05-11 21:20:00,4.112768,180.0,12.0,81.87
2007-05-11 21:50:00,4.112768,180.0,12.0,81.87
2007-05-11 22:00:00,4.112768,180.0,11.5,86.34
2007-05-11 22:20:00,4.112768,180.0,12.0,81.87
2007-05-11 22:50:00,3.598672,170.0,11.0,87.47
2007-05-11 23:00:00,4.112768,170.0,11.11,89.26
2007-05-11 23:20:00,3.084576,170.0,11.0,87.47
2007-05-11 23:50:00,5.14096,190.0,11.0,93.55
2007-05-12 00:00:00,5.14096,190.0,11.5,88.7
2007-05-12 00:20:00,5.14096,190.0,12.0,87.56
2007-05-12 00:50:00,10.28192,240.0,12.0,87.56
2007-05-12 01:00:00,9.767824,240.0,12.4,87.6
2007-05-12 01:20:00,5.14096,250.0,11.0,87.47
2007-05-12 01:50:00,6.683248,240.0,12.0,87.56
2007-05-12 02:00:00,7.197344,240.0,11.67,86.95
2007-05-12 02:20:00,6.169152,250.0,12.0,87.56
2007-05-12 02:50:00,6.683248,240.0,12.0,87.56
2007-05-12 03:00:00,7.197344,240.0,11.9,85.23
2007-05-12 03:20:00,7.197344,230.0,12.0,81.87
2007-05-12 03:50:00,7.197344,220.0,11.0,93.55
2007-05-12 04:00:00,8.225536,220.0,11.3,88.68
2007-05-12 04:20:00,7.71144,230.0,11.0,81.74
2007-05-12 04:50:00,5.14096,230.0,11.0,87.47
2007-05-12 05:00:00,5.14096,230.0,11.0,87.47
2007-05-12 05:20:00,4.626864,230.0,11.0,87.47
2007-05-12 05:50:00,6.169152,220.0,12.0,87.56
2007-05-12 06:00:00,6.169152,220.0,11.3,87.49
2007-05-12 06:20:00,6.683248,220.0,12.0,87.56
2007-05-12 06:50:00,7.197344,220.0,13.0,81.99
2007-05-12 07:00:00,7.197344,220.0,12.6,81.39
2007-05-12 07:20:00,9.253728,220.0,12.0,87.56
2007-05-12 07:50:00,8.225536,230.0,12.0,87.56
2007-05-12 08:00:00,8.225536,230.0,12.4,86.43
2007-05-12 08:20:00,6.169152,230.0,12.0,87.56
2007-05-12 08:50:00,7.197344,230.0,13.0,81.99
2007-05-12 09:00:00,7.197344,230.0,13.0,84.78
2007-05-12 09:20:00,7.71144,230.0,14.0,82.12
2007-05-12 09:50:00,9.767824,240.0,15.0,72.01
2007-05-12 10:00:00,9.767824,240.0,14.7,71.96
2007-05-12 10:20:00,9.253728,240.0,14.0,76.82
2007-05-12 10:50:00,6.683248,240.0,15.0,72.01
2007-05-12 11:00:00,7.197344,240.0,14.44,74.38
2007-05-12 11:20:00,6.683248,260.0,14.0,76.82
2007-05-12 11:50:00,7.71144,250.0,15.0,67.33
2007-05-12 12:00:00,8.739632,260.0,12.6,67.75
2007-05-12 12:20:00,6.683248,240.0,15.0,72.01
2007-05-12 12:50:00,8.739632,230.0,14.0,82.12
2007-05-12 13:00:00,8.739632,230.0,14.2,83.8
2007-05-12 13:20:00,8.739632,240.0,16.0,72.2
2007-05-12 13:50:00,8.225536,240.0,16.0,67.54
2007-05-12 14:00:00,8.225536,240.0,15.7,68.85
2007-05-12 14:20:00,8.739632,240.0,16.0,67.54
2007-05-12 14:50:00,7.71144,250.0,16.0,63.15
2007-05-12 15:00:00,8.225536,250.0,16.11,61.49
2007-05-12 15:20:00,8.739632,240.0,17.0,59.26
2007-05-12 15:50:00,7.71144,240.0,17.0,63.38
2007-05-12 16:00:00,7.197344,240.0,16.67,62.46
2007-05-12 16:20:00,5.655056,250.0,17.0,59.26
2007-05-12 16:50:00,5.14096,240.0,17.0,59.26
2007-05-12 17:00:00,5.14096,240.0,16.5,62.0
2007-05-12 17:20:00,5.655056,240.0,16.0,59.01
2007-05-12 17:50:00,4.112768,250.0,16.0,63.15
2007-05-12 18:00:00,4.112768,250.0,15.9,63.55
2007-05-12 18:20:00,4.626864,240.0,16.0,67.54
2007-05-12 18:50:00,3.084576,240.0,15.0,72.01
2007-05-12 19:00:00,3.084576,240.0,14.6,72.43
2007-05-12 19:20:00,2.57048,210.0,14.0,76.82
2007-05-12 19:50:00,2.57048,190.0,13.0,81.99
2007-05-12 20:00:00,3.084576,190.0,12.78,83.63
2007-05-12 20:20:00,2.056384,180.0,12.0,87.56
2007-05-12 20:50:00,2.056384,200.0,13.0,81.99
2007-05-12 21:00:00,2.056384,200.0,12.9,84.77
2007-05-12 21:20:00,1.542288,200.0,13.0,87.65
2007-05-12 21:50:00,1.542288,200.0,12.0,87.56
2007-05-12 22:00:00,2.056384,200.0,12.3,88.17
2007-05-12 22:20:00,2.056384,210.0,12.0,87.56
2007-05-12 22:50:00,2.056384,200.0,12.0,87.56
2007-05-12 23:00:00,2.056384,200.0,11.9,89.92
2007-05-12 23:20:00,2.056384,190.0,12.0,87.56
2007-05-12 23:50:00,2.57048,190.0,12.0,87.56
2007-05-13 00:00:00,3.084576,190.0,12.1,88.75
2007-05-13 00:20:00,2.056384,180.0,12.0,87.56
2007-05-13 00:50:00,2.57048,180.0,12.0,87.56
2007-05-13 01:00:00,3.084576,180.0,12.0,89.33
2007-05-13 01:20:00,1.542288,170.0,12.0,87.56
2007-05-13 01:50:00,2.056384,190.0,12.0,87.56
2007-05-13 02:00:00,2.056384,190.0,11.8,89.32
2007-05-13 02:20:00,1.542288,150.0,11.0,87.47
2007-05-13 02:50:00,1.542288,160.0,10.0,93.5
2007-05-13 03:00:00,2.056384,160.0,10.2,91.02
2007-05-13 03:20:00,1.542288,160.0,10.0,87.37
2007-05-13 03:50:00,2.056384,130.0,9.0,93.45
2007-05-13 04:00:00,2.056384,130.0,9.3,92.2
2007-05-13 04:20:00,1.542288,140.0,9.0,93.45
2007-05-13 04:50:00,2.056384,140.0,10.0,93.5
2007-05-13 05:00:00,2.056384,140.0,10.0,92.24
2007-05-13 05:20:00,2.056384,140.0,11.0,87.47
2007-05-13 05:50:00,2.57048,170.0,12.0,87.56
2007-05-13 06:00:00,3.084576,170.0,12.1,87.57
2007-05-13 06:20:00,2.57048,160.0,13.0,81.99
2007-05-13 06:50:00,2.056384,160.0,13.0,81.99
2007-05-13 07:00:00,2.056384,160.0,13.1,84.23
2007-05-13 07:20:00,2.57048,160.0,13.0,87.65
2007-05-13 07:50:00,2.056384,150.0,14.0,82.12
2007-05-13 08:00:00,2.056384,150.0,13.6,82.62
2007-05-13 08:20:00,2.57048,140.0,14.0,82.12
2007-05-13 08:50:00,3.084576,140.0,14.0,82.12
2007-05-13 09:00:00,3.084576,140.0,14.0,81.04
2007-05-13 09:20:00,2.57048,150.0,15.0,76.98
2007-05-13 09:50:00,3.084576,150.0,15.0,82.25
2007-05-13 10:00:00,3.084576,150.0,14.7,81.13
2007-05-13 10:20:00,4.112768,150.0,15.0,76.98
2007-05-13 10:50:00,2.57048,150.0,15.0,82.25
2007-05-13 11:00:00,3.084576,150.0,14.6,82.2
2007-05-13 11:20:00,2.056384,130.0,15.0,76.98
2007-05-13 11:50:00,2.57048,110.0,16.0,77.14
2007-05-13 12:00:00,3.084576,110.0,15.4,80.69
2007-05-13 12:20:00,2.57048,90.0,17.0,77.29
2007-05-13 12:50:00,3.598672,100.0,18.0,72.56
2007-05-13 13:00:00,4.112768,100.0,17.9,73.02
2007-05-13 13:20:00,4.626864,110.0,19.0,68.15
2007-05-13 13:50:00,5.14096,120.0,20.0,68.35
2007-05-13 14:00:00,6.169152,120.0,20.1,67.93
2007-05-13 14:20:00,4.112768,120.0,20.0,68.35
2007-05-13 14:50:00,2.57048,120.0,19.0,72.74
2007-05-13 15:00:00,3.084576,120.0,19.44,70.95
2007-05-13 15:20:00,1.542288,140.0,19.0,77.6
2007-05-13 15:50:00,4.112768,240.0,17.0,82.5
2007-05-13 16:00:00,3.084576,230.0,17.22,82.52
2007-05-13 16:20:00,4.626864,200.0,18.0,82.62
2007-05-13 16:50:00,8.225536,230.0,18.0,67.95
2007-05-13 17:00:00,8.739632,230.0,17.5,70.59
2007-05-13 17:20:00,5.655056,220.0,17.0,67.75
2007-05-13 17:50:00,6.683248,210.0,17.0,67.75
2007-05-13 18:00:00,7.197344,210.0,16.5,68.55
2007-05-13 18:20:00,6.683248,220.0,17.0,59.26
2007-05-13 18:50:00,5.14096,210.0,16.0,63.15
2007-05-13 19:00:00,5.14096,210.0,16.3,60.71
2007-05-13 19:20:00,5.14096,200.0,16.0,63.15
2007-05-13 19:50:00,5.14096,200.0,15.0,62.92
2007-05-13 20:00:00,5.14096,200.0,15.4,60.91
2007-05-13 20:20:00,5.14096,210.0,15.0,58.77
2007-05-13 20:50:00,4.112768,200.0,15.0,58.77
2007-05-13 21:00:00,4.112768,200.0,14.6,60.72
2007-05-13 21:20:00,4.112768,180.0,13.0,76.66
2007-05-13 21:50:00,4.626864,180.0,13.0,71.64
2007-05-13 22:00:00,5.14096,180.0,13.2,71.19
2007-05-13 22:20:00,5.655056,180.0,13.0,71.64
2007-05-13 22:50:00,5.655056,170.0,13.0,71.64
2007-05-13 23:00:00,6.169152,170.0,13.33,69.3
2007-05-13 23:20:00,6.683248,170.0,14.0,67.12
2007-05-13 23:50:00,5.655056,170.0,14.0,67.12
2007-05-14 00:00:00,6.169152,170.0,13.6,68.42
2007-05-14 00:20:00,6.169152,170.0,13.0,71.64
2007-05-14 00:50:00,6.683248,170.0,13.0,71.64
2007-05-14 01:00:00,7.197344,180.0,13.1,72.15
2007-05-14 01:20:00,7.197344,200.0,14.0,67.12
2007-05-14 01:50:00,8.225536,200.0,14.0,67.12
2007-05-14 02:00:00,8.225536,200.0,13.6,69.83
2007-05-14 02:20:00,8.739632,210.0,13.0,71.64
2007-05-14 02:50:00,7.71144,200.0,13.0,71.64
2007-05-14 03:00:00,8.225536,200.0,13.0,71.16
2007-05-14 03:20:00,7.71144,200.0,13.0,71.64
2007-05-14 03:50:00,8.225536,200.0,13.0,71.64
2007-05-14 04:00:00,8.225536,200.0,13.0,70.19
2007-05-14 04:20:00,9.767824,200.0,13.0,66.91
2007-05-14 04:50:00,9.767824,210.0,13.0,66.91
2007-05-14 05:00:00,9.767824,210.0,13.2,66.04
2007-05-14 05:20:00,9.253728,210.0,13.0,66.91
2007-05-14 05:50:00,9.253728,210.0,13.0,66.91
2007-05-14 06:00:00,8.739632,210.0,13.4,66.09
2007-05-14 06:20:00,8.225536,210.0,14.0,67.12
2007-05-14 06:50:00,10.28192,200.0,14.0,62.69
2007-05-14 07:00:00,9.767824,200.0,13.89,64.85
2007-05-14 07:20:00,10.796016,210.0,15.0,58.77
2007-05-14 07:50:00,11.310112,210.0,15.0,62.92
2007-05-14 08:00:00,10.796016,210.0,15.2,61.7
2007-05-14 08:20:00,9.253728,210.0,16.0,59.01
2007-05-14 08:50:00,8.225536,220.0,15.0,62.92
2007-05-14 09:00:00,8.225536,220.0,15.3,59.65
2007-05-14 09:20:00,8.225536,220.0,15.0,62.92
2007-05-14 09:50:00,7.71144,200.0,15.0,62.92
2007-05-14 10:00:00,8.225536,200.0,15.4,61.74
2007-05-14 10:20:00,6.683248,220.0,15.0,62.92
2007-05-14 10:50:00,7.71144,220.0,15.0,62.92
2007-05-14 11:00:00,8.225536,220.0,15.2,63.4
2007-05-14 11:20:00,6.169152,230.0,14.0,71.83
2007-05-14 11:50:00,6.683248,230.0,17.0,59.26
2007-05-14 12:00:00,7.197344,230.0,16.6,62.44
2007-05-14 12:20:00,7.71144,220.0,17.0,63.38
2007-05-14 12:50:00,6.683248,220.0,15.0,67.33
2007-05-14 13:00:00,6.169152,220.0,14.44,68.61
2007-05-14 13:20:00,5.14096,240.0,15.0,72.01
2007-05-14 13:50:00,4.626864,220.0,13.0,87.65
2007-05-14 14:00:00,5.14096,220.0,13.33,85.95
2007-05-14 14:20:00,4.112768,220.0,14.0,82.12
2007-05-14 14:50:00,4.626864,200.0,15.0,76.98
2007-05-14 15:00:00,5.14096,200.0,15.1,78.54
2007-05-14 15:20:00,3.598672,220.0,15.0,76.98
2007-05-14 15:50:00,5.655056,230.0,15.0,72.01
2007-05-14 16:00:00,6.169152,230.0,14.9,70.09
2007-05-14 16:20:00,5.655056,220.0,16.0,67.54
2007-05-14 16:50:00,4.626864,220.0,15.0,72.01
2007-05-14 17:00:00,5.14096,220.0,14.7,73.42
2007-05-14 17:20:00,4.626864,240.0,14.0,71.83
2007-05-14 17:50:00,2.57048,240.0,12.0,87.56
2007-05-14 18:00:00,3.084576,240.0,12.4,85.86
2007-05-14 18:20:00,1.542288,230.0,13.0,81.99
2007-05-14 18:50:00,2.57048,260.0,13.0,81.99
2007-05-14 19:00:00,3.084576,260.0,12.7,83.06
2007-05-14 19:20:00,3.084576,250.0,12.0,87.56
2007-05-14 19:50:00,2.57048,250.0,12.0,87.56
2007-05-14 20:00:00,3.084576,250.0,12.1,88.16
2007-05-14 20:20:00,2.056384,260.0,12.0,87.56
2007-05-14 20:50:00,2.056384,250.0,12.0,87.56
2007-05-14 21:00:00,2.056384,250.0,12.1,88.75
2007-05-14 21:20:00,1.542288,270.0,12.0,87.56
2007-05-14 21:50:00,4.112768,290.0,12.0,87.56
2007-05-14 22:00:00,4.112768,290.0,11.6,91.72
2007-05-14 22:20:00,5.14096,310.0,11.0,93.55
2007-05-14 22:50:00,6.683248,320.0,10.0,93.5
2007-05-14 23:00:00,7.197344,320.0,10.1,90.4
2007-05-14 23:20:00,6.169152,330.0,10.0,87.37
2007-05-14 23:50:00,5.14096,320.0,10.0,87.37
2007-05-15 00:00:00,5.14096,320.0,9.44,92.21
2007-05-15 00:20:00,4.626864,320.0,9.0,93.45
2007-05-15 00:50:00,5.655056,320.0,9.0,93.45
2007-05-15 01:00:00,6.169152,320.0,9.1,90.94
2007-05-15 01:20:00,4.626864,310.0,9.0,93.45
2007-05-15 01:50:00,4.112768,310.0,9.0,87.28
2007-05-15 02:00:00,4.112768,300.0,9.0,90.32
2007-05-15 02:20:00,4.626864,300.0,9.0,87.28
2007-05-15 02:50:00,5.14096,300.0,9.0,87.28
2007-05-15 03:00:00,5.14096,300.0,8.7,87.25
2007-05-15 03:20:00,4.626864,300.0,8.0,87.19
2007-05-15 03:50:00,4.112768,290.0,8.0,87.19
2007-05-15 04:00:00,4.112768,290.0,8.0,89.01
2007-05-15 04:20:00,4.112768,290.0,8.0,87.19
2007-05-15 04:50:00,4.112768,290.0,8.0,87.19
2007-05-15 05:00:00,4.112768,290.0,8.1,85.4
2007-05-15 05:20:00,3.084576,290.0,8.0,87.19
2007-05-15 05:50:00,3.598672,270.0,9.0,81.47
2007-05-15 06:00:00,4.112768,270.0,8.89,83.17
2007-05-15 06:20:00,3.084576,260.0,9.0,81.47
2007-05-15 06:50:00,4.112768,280.0,10.0,76.18
2007-05-15 07:00:00,4.112768,280.0,10.0,77.24
2007-05-15 07:20:00,3.598672,280.0,11.0,71.26
2007-05-15 07:50:00,4.112768,280.0,12.0,66.7
2007-05-15 08:00:00,4.112768,280.0,11.5,67.06
2007-05-15 08:20:00,3.598672,250.0,12.0,66.7
2007-05-15 08:50:00,2.57048,260.0,13.0,66.91
2007-05-15 09:00:00,3.084576,260.0,12.7,66.85
2007-05-15 09:20:00,3.084576,260.0,13.0,62.46
2007-05-15 09:50:00,4.112768,250.0,14.0,58.52
2007-05-15 10:00:00,4.112768,250.0,13.7,59.26
2007-05-15 10:20:00,3.084576,240.0,13.0,62.46
2007-05-15 10:50:00,4.112768,240.0,15.0,54.86
2007-05-15 11:00:00,4.112768,240.0,14.6,54.75
2007-05-15 11:20:00,4.626864,260.0,14.0,54.6
2007-05-15 11:50:00,4.112768,220.0,16.0,55.12
2007-05-15 12:00:00,4.112768,220.0,16.11,55.52
2007-05-15 12:20:00,7.197344,250.0,14.0,58.52
2007-05-15 12:50:00,4.112768,180.0,12.0,81.87
2007-05-15 13:00:00,4.112768,180.0,11.67,80.73
2007-05-15 13:20:00,3.084576,160.0,15.0,67.33
2007-05-15 13:50:00,4.112768,160.0,16.0,59.01
2007-05-15 14:00:00,4.112768,160.0,15.56,63.04
2007-05-15 14:20:00,4.112768,190.0,15.0,62.92
2007-05-15 14:50:00,5.655056,250.0,16.0,48.0
2007-05-15 15:00:00,6.169152,250.0,15.56,50.99
2007-05-15 15:20:00,5.655056,240.0,16.0,48.0
2007-05-15 15:50:00,4.626864,250.0,15.0,47.72
2007-05-15 16:00:00,5.14096,250.0,15.3,48.14
2007-05-15 16:20:00,6.169152,220.0,15.0,54.86
2007-05-15 16:50:00,6.683248,220.0,14.0,58.52
2007-05-15 17:00:00,6.169152,220.0,14.2,56.19
2007-05-15 17:20:00,7.71144,240.0,13.0,62.46
2007-05-15 17:50:00,6.169152,230.0,13.0,66.91
2007-05-15 18:00:00,6.169152,230.0,12.78,66.41
2007-05-15 18:20:00,5.14096,220.0,13.0,71.64
2007-05-15 18:50:00,4.112768,220.0,12.0,76.5
2007-05-15 19:00:00,4.112768,220.0,11.8,76.47
2007-05-15 19:20:00,4.112768,200.0,12.0,76.5
2007-05-15 19:50:00,4.112768,200.0,11.0,81.74
2007-05-15 20:00:00,4.112768,200.0,11.11,79.01
2007-05-15 20:20:00,3.598672,190.0,11.0,81.74
2007-05-15 20:50:00,4.112768,190.0,11.0,81.74
2007-05-15 21:00:00,4.112768,190.0,10.56,85.67
2007-05-15 21:20:00,4.626864,190.0,10.0,87.37
2007-05-15 21:50:00,5.14096,180.0,10.0,93.5
2007-05-15 22:00:00,5.14096,180.0,10.3,89.8
2007-05-15 22:20:00,5.655056,180.0,10.0,93.5
2007-05-15 22:50:00,5.14096,180.0,11.0,87.47
2007-05-15 23:00:00,5.14096,180.0,10.56,89.21
2007-05-15 23:20:00,5.655056,190.0,11.0,87.47
2007-05-15 23:50:00,5.655056,190.0,11.0,87.47
2007-05-16 00:00:00,6.169152,190.0,10.8,88.64
2007-05-16 00:20:00,5.14096,190.0,11.0,87.47
2007-05-16 00:50:00,5.14096,190.0,11.0,87.47
2007-05-16 01:00:00,5.14096,180.0,10.9,89.85
2007-05-16 01:20:00,3.598672,180.0,11.0,87.47
2007-05-16 01:50:00,4.112768,190.0,11.0,93.55
2007-05-16 02:00:00,4.112768,190.0,10.8,92.29
2007-05-16 02:20:00,4.626864,190.0,11.0,93.55
2007-05-16 02:50:00,4.626864,190.0,11.0,93.55
2007-05-16 03:00:00,5.14096,190.0,10.9,92.3
2007-05-16 03:20:00,3.598672,190.0,11.0,93.55
2007-05-16 03:50:00,4.626864,190.0,11.0,93.55
2007-05-16 04:00:00,5.14096,190.0,10.9,92.3
2007-05-16 04:20:00,4.112768,200.0,11.0,93.55
2007-05-16 04:50:00,5.14096,210.0,11.0,93.55
2007-05-16 05:00:00,5.14096,210.0,11.2,92.31
2007-05-16 05:20:00,5.14096,220.0,12.0,87.56
2007-05-16 05:50:00,5.14096,220.0,12.0,87.56
2007-05-16 06:00:00,5.14096,220.0,11.6,91.72
2007-05-16 06:20:00,4.626864,230.0,12.0,93.6
2007-05-16 06:50:00,4.626864,250.0,12.0,87.56
2007-05-16 07:00:00,5.14096,250.0,12.22,89.35
2007-05-16 07:20:00,4.112768,250.0,13.0,87.65
2007-05-16 07:50:00,4.626864,260.0,12.0,93.6
2007-05-16 08:00:00,5.14096,260.0,12.3,89.95
2007-05-16 08:20:00,4.626864,260.0,13.0,87.65
2007-05-16 08:50:00,4.626864,270.0,13.0,87.65
2007-05-16 09:00:00,5.14096,270.0,12.6,89.38
2007-05-16 09:20:00,4.626864,300.0,13.0,87.65
2007-05-16 09:50:00,4.626864,300.0,13.0,87.65
2007-05-16 10:00:00,5.14096,300.0,13.2,85.37
2007-05-16 10:20:00,5.655056,300.0,14.0,76.82
2007-05-16 10:50:00,6.169152,310.0,14.0,76.82
2007-05-16 11:00:00,6.169152,310.0,13.89,79.95
2007-05-16 11:20:00,6.683248,310.0,15.0,76.98
2007-05-16 11:50:00,6.683248,300.0,14.0,76.82
2007-05-16 12:00:00,7.197344,300.0,14.44,72.39
2007-05-16 12:20:00,7.197344,310.0,15.0,72.01
2007-05-16 12:50:00,7.71144,310.0,15.0,62.92
2007-05-16 13:00:00,8.225536,310.0,14.8,65.94
2007-05-16 13:20:00,6.683248,310.0,15.0,67.33
2007-05-16 13:50:00,7.197344,320.0,14.0,67.12
2007-05-16 14:00:00,7.197344,320.0,14.3,65.38
2007-05-16 14:20:00,7.71144,310.0,14.0,62.69
2007-05-16 14:50:00,6.683248,310.0,14.0,62.69
2007-05-16 15:00:00,7.197344,310.0,13.89,61.39
2007-05-16 15:20:00,7.71144,300.0,14.0,58.52
2007-05-16 15:50:00,6.683248,320.0,13.0,66.91
2007-05-16 16:00:00,7.197344,320.0,13.0,64.65
2007-05-16 16:20:00,6.169152,310.0,13.0,62.46
2007-05-16 16:50:00,6.683248,300.0,13.0,58.27
2007-05-16 17:00:00,7.197344,300.0,12.5,60.21
2007-05-16 17:20:00,6.169152,300.0,12.0,58.02
2007-05-16 17:50:00,4.112768,300.0,12.0,62.23
2007-05-16 18:00:00,4.112768,300.0,12.22,61.84
2007-05-16 18:20:00,3.598672,320.0,12.0,66.7
2007-05-16 18:50:00,3.084576,310.0,11.0,71.26
2007-05-16 19:00:00,3.084576,310.0,11.4,69.4
2007-05-16 19:20:00,2.056384,320.0,11.0,76.34
2007-05-16 19:50:00,1.028192,330.0,11.0,76.34
2007-05-16 20:00:00,1.028192,330.0,10.7,76.82
2007-05-16 20:20:00,#VALUE!,,11.0,76.34
2007-05-16 20:50:00,1.028192,330.0,11.0,81.74
2007-05-16 21:00:00,1.028192,330.0,10.7,80.59
2007-05-16 21:20:00,0,0.0,10.0,87.37
2007-05-16 21:50:00,1.542288,180.0,10.0,93.5
2007-05-16 22:00:00,2.056384,180.0,10.1,90.4
2007-05-16 22:20:00,1.028192,160.0,10.0,93.5
2007-05-16 22:50:00,2.056384,180.0,10.0,93.5
2007-05-16 23:00:00,2.056384,180.0,10.0,91.62
2007-05-16 23:20:00,2.57048,190.0,10.0,93.5
2007-05-16 23:50:00,2.57048,190.0,10.0,93.5
2007-05-17 00:00:00,3.084576,190.0,10.1,91.63
2007-05-17 00:20:00,2.056384,200.0,10.0,93.5
2007-05-17 00:50:00,2.056384,190.0,10.0,93.5
2007-05-17 01:00:00,2.056384,190.0,10.1,92.25
2007-05-17 01:20:00,2.056384,190.0,10.0,93.5
2007-05-17 01:50:00,1.542288,200.0,10.0,93.5
2007-05-17 02:00:00,2.056384,200.0,10.4,92.89
2007-05-17 02:20:00,2.056384,220.0,11.0,93.55
2007-05-17 02:50:00,2.57048,240.0,11.0,93.55
2007-05-17 03:00:00,3.084576,240.0,10.8,92.29
2007-05-17 03:20:00,2.57048,240.0,11.0,93.55
2007-05-17 03:50:00,2.056384,220.0,11.0,93.55
2007-05-17 04:00:00,2.056384,220.0,10.8,92.91
2007-05-17 04:20:00,2.57048,230.0,11.0,93.55
2007-05-17 04:50:00,2.57048,240.0,11.0,93.55
2007-05-17 05:00:00,3.084576,240.0,11.2,92.93
2007-05-17 05:20:00,1.542288,230.0,11.0,93.55
2007-05-17 05:50:00,2.57048,250.0,12.0,87.56
2007-05-17 06:00:00,3.084576,250.0,11.5,92.33
2007-05-17 06:20:00,2.056384,270.0,12.0,87.56
2007-05-17 06:50:00,2.57048,270.0,12.0,93.6
2007-05-17 07:00:00,3.084576,270.0,11.9,91.74
2007-05-17 07:20:00,2.57048,270.0,12.0,93.6
2007-05-17 07:50:00,2.57048,300.0,12.0,93.6
2007-05-17 08:00:00,3.084576,300.0,12.3,88.76
2007-05-17 08:20:00,2.57048,330.0,12.0,93.6
2007-05-17 08:50:00,1.542288,330.0,12.0,93.6
2007-05-17 09:00:00,2.056384,320.0,12.3,90.55
2007-05-17 09:20:00,2.57048,320.0,13.0,87.65
2007-05-17 09:50:00,2.056384,310.0,13.0,87.65
2007-05-17 10:00:00,2.056384,310.0,13.1,88.24
2007-05-17 10:20:00,2.056384,340.0,14.0,82.12
2007-05-17 10:50:00,2.57048,350.0,13.0,87.65
2007-05-17 11:00:00,3.084576,350.0,12.9,87.06
2007-05-17 11:20:00,3.084576,350.0,13.0,87.65
2007-05-17 11:50:00,4.112768,20.0,14.0,82.12
2007-05-17 12:00:00,4.112768,20.0,14.2,79.99
2007-05-17 12:20:00,3.598672,20.0,14.0,76.82
2007-05-17 12:50:00,3.598672,10.0,15.0,76.98
2007-05-17 13:00:00,4.112768,10.0,14.9,74.94
2007-05-17 13:20:00,3.084576,340.0,15.0,72.01
2007-05-17 13:50:00,4.112768,10.0,14.0,76.82
2007-05-17 14:00:00,4.112768,10.0,14.1,73.31
2007-05-17 14:20:00,3.598672,360.0,15.0,72.01
2007-05-17 14:50:00,3.598672,10.0,15.0,72.01
2007-05-17 15:00:00,4.112768,10.0,14.44,75.38
2007-05-17 15:20:00,3.598672,30.0,14.0,76.82
2007-05-17 15:50:00,3.598672,10.0,14.0,76.82
2007-05-17 16:00:00,4.112768,10.0,14.44,72.88
2007-05-17 16:20:00,3.598672,10.0,14.0,71.83
2007-05-17 16:50:00,2.57048,360.0,14.0,71.83
2007-05-17 17:00:00,3.084576,360.0,14.1,72.33
2007-05-17 17:20:00,1.542288,10.0,14.0,71.83
2007-05-17 17:50:00,2.056384,350.0,14.0,71.83
2007-05-17 18:00:00,2.056384,350.0,14.2,70.43
2007-05-17 18:20:00,1.542288,340.0,14.0,71.83
2007-05-17 18:50:00,#VALUE!,,14.0,71.83
2007-05-17 19:00:00,1.028192,360.0,13.7,74.74
2007-05-17 19:20:00,0.514096,70.0,13.0,76.66
2007-05-17 19:50:00,0.514096,80.0,13.0,81.99
2007-05-17 20:00:00,1.028192,80.0,12.9,83.64
2007-05-17 20:20:00,0.514096,150.0,12.0,93.6
2007-05-17 20:50:00,1.542288,190.0,12.0,87.56
2007-05-17 21:00:00,2.056384,190.0,11.67,89.91
2007-05-17 21:20:00,1.028192,150.0,11.0,87.47
2007-05-17 21:50:00,1.542288,210.0,11.0,93.55
2007-05-17 22:00:00,2.056384,210.0,11.2,89.87
2007-05-17 22:20:00,2.57048,210.0,11.0,87.47
2007-05-17 22:50:00,2.57048,200.0,10.0,93.5
2007-05-17 23:00:00,3.084576,200.0,10.2,89.19
2007-05-17 23:20:00,1.542288,220.0,10.0,87.37
2007-05-17 23:50:00,2.056384,200.0,9.0,93.45
2007-05-18 00:00:00,2.056384,200.0,9.3,91.58
2007-05-18 00:20:00,2.57048,190.0,9.0,93.45
2007-05-18 00:50:00,2.57048,190.0,9.0,93.45
2007-05-18 01:00:00,3.084576,190.0,9.1,90.94
2007-05-18 01:20:00,3.084576,190.0,9.0,93.45
2007-05-18 01:50:00,2.57048,190.0,9.0,87.28
2007-05-18 02:00:00,3.084576,190.0,8.6,92.16
2007-05-18 02:20:00,2.57048,190.0,9.0,87.28
2007-05-18 02:50:00,3.084576,180.0,9.0,93.45
2007-05-18 03:00:00,3.084576,180.0,8.6,93.43
2007-05-18 03:20:00,2.57048,160.0,10.0,93.5
2007-05-18 03:50:00,2.056384,200.0,10.0,93.5
2007-05-18 04:00:00,2.056384,200.0,10.1,91.63
2007-05-18 04:20:00,1.542288,180.0,10.0,93.5
2007-05-18 04:50:00,2.57048,180.0,11.0,87.47
2007-05-18 05:00:00,3.084576,180.0,10.9,90.46
2007-05-18 05:20:00,3.084576,180.0,11.0,93.55
2007-05-18 05:50:00,2.57048,190.0,12.0,87.56
2007-05-18 06:00:00,3.084576,190.0,12.3,88.17
2007-05-18 06:20:00,3.084576,180.0,13.0,87.65
2007-05-18 06:50:00,2.57048,190.0,13.0,87.65
2007-05-18 07:00:00,3.084576,190.0,13.2,88.25
2007-05-18 07:20:00,3.598672,210.0,14.0,87.74
2007-05-18 07:50:00,4.626864,210.0,16.0,77.14
2007-05-18 08:00:00,5.14096,210.0,15.56,80.7
2007-05-18 08:20:00,3.598672,210.0,17.0,77.29
2007-05-18 08:50:00,3.598672,200.0,18.0,72.56
2007-05-18 09:00:00,4.112768,200.0,18.0,74.48
2007-05-18 09:20:00,4.112768,200.0,19.0,72.74
2007-05-18 09:50:00,4.112768,210.0,20.0,68.35
2007-05-18 10:00:00,4.112768,210.0,19.44,71.43
2007-05-18 10:20:00,4.626864,200.0,20.0,68.35
2007-05-18 10:50:00,4.626864,210.0,20.0,68.35
2007-05-18 11:00:00,5.14096,210.0,20.0,70.15
2007-05-18 11:20:00,5.655056,210.0,20.0,72.92
2007-05-18 11:50:00,5.655056,210.0,21.0,68.55
2007-05-18 12:00:00,6.169152,210.0,20.7,70.28
2007-05-18 12:20:00,4.626864,210.0,21.0,68.55
2007-05-18 12:50:00,5.14096,200.0,21.0,68.55
2007-05-18 13:00:00,5.14096,200.0,21.0,70.34
2007-05-18 13:20:00,6.169152,210.0,21.0,68.55
2007-05-18 13:50:00,5.655056,210.0,20.0,72.92
2007-05-18 14:00:00,6.169152,210.0,20.4,73.46
2007-05-18 14:20:00,6.683248,210.0,22.0,68.75
2007-05-18 14:50:00,7.197344,210.0,22.0,68.75
2007-05-18 15:00:00,7.197344,210.0,21.67,67.82
2007-05-18 15:20:00,5.655056,210.0,22.0,68.75
2007-05-18 15:50:00,6.683248,220.0,21.0,68.55
2007-05-18 16:00:00,7.197344,220.0,21.4,67.76
2007-05-18 16:20:00,6.683248,210.0,22.0,68.75
2007-05-18 16:50:00,6.169152,210.0,22.0,64.48
2007-05-18 17:00:00,6.169152,210.0,21.5,67.78
2007-05-18 17:20:00,4.626864,220.0,21.0,73.09
2007-05-18 17:50:00,4.626864,230.0,21.0,73.09
2007-05-18 18:00:00,5.14096,230.0,20.9,75.93
2007-05-18 18:20:00,5.655056,200.0,20.0,77.75
2007-05-18 18:50:00,4.112768,200.0,19.0,88.18
2007-05-18 19:00:00,4.112768,200.0,19.44,84.92
2007-05-18 19:20:00,4.112768,190.0,19.0,88.18
2007-05-18 19:50:00,5.655056,190.0,18.0,88.09
2007-05-18 20:00:00,6.169152,190.0,18.1,89.8
2007-05-18 20:20:00,3.598672,180.0,18.0,88.09
2007-05-18 20:50:00,3.598672,190.0,17.0,93.83
2007-05-18 21:00:00,4.112768,190.0,17.4,92.07
2007-05-18 21:20:00,3.598672,200.0,18.0,88.09
2007-05-18 21:50:00,3.598672,220.0,18.0,88.09
2007-05-18 22:00:00,4.112768,220.0,17.5,92.08
2007-05-18 22:20:00,3.598672,250.0,16.0,93.79
2007-05-18 22:50:00,3.084576,250.0,16.0,93.79
2007-05-18 23:00:00,3.084576,250.0,16.2,90.24
2007-05-18 23:20:00,3.598672,240.0,16.0,87.92
2007-05-18 23:50:00,3.598672,250.0,16.0,82.37
2007-05-19 00:00:00,4.112768,250.0,15.56,86.73
2007-05-19 00:20:00,5.14096,290.0,15.0,87.83
2007-05-19 00:50:00,5.14096,280.0,14.0,87.74
2007-05-19 01:00:00,5.14096,280.0,13.8,91.86
2007-05-19 01:20:00,4.626864,280.0,14.0,87.74
2007-05-19 01:50:00,3.598672,250.0,13.0,87.65
2007-05-19 02:00:00,4.112768,250.0,13.2,89.43
2007-05-19 02:20:00,4.112768,240.0,13.0,87.65
2007-05-19 02:50:00,5.14096,240.0,13.0,87.65
2007-05-19 03:00:00,5.14096,240.0,12.7,89.39
2007-05-19 03:20:00,4.626864,250.0,12.0,87.56
2007-05-19 03:50:00,4.626864,230.0,12.0,87.56
2007-05-19 04:00:00,5.14096,230.0,11.9,89.92
2007-05-19 04:20:00,3.598672,240.0,12.0,87.56
2007-05-19 04:50:00,4.626864,250.0,12.0,87.56
2007-05-19 05:00:00,5.14096,250.0,11.8,86.96
2007-05-19 05:20:00,4.626864,250.0,12.0,87.56
2007-05-19 05:50:00,5.14096,260.0,12.0,81.87
2007-05-19 06:00:00,5.14096,260.0,12.1,81.88
2007-05-19 06:20:00,5.14096,260.0,13.0,76.66
2007-05-19 06:50:00,4.112768,260.0,13.0,76.66
2007-05-19 07:00:00,4.112768,260.0,13.1,74.64
2007-05-19 07:20:00,4.112768,250.0,13.0,71.64
2007-05-19 07:50:00,3.598672,270.0,14.0,67.12
2007-05-19 08:00:00,4.112768,270.0,13.8,68.0
2007-05-19 08:20:00,4.112768,240.0,15.0,62.92
2007-05-19 08:50:00,4.112768,240.0,15.0,58.77
2007-05-19 09:00:00,4.112768,240.0,15.1,58.79
2007-05-19 09:20:00,5.14096,240.0,15.0,58.77
2007-05-19 09:50:00,5.14096,250.0,15.0,58.77
2007-05-19 10:00:00,5.14096,250.0,14.7,58.29
2007-05-19 10:20:00,5.14096,260.0,15.0,54.86
2007-05-19 10:50:00,4.626864,250.0,15.0,58.77
2007-05-19 11:00:00,5.14096,250.0,15.3,58.04
2007-05-19 11:20:00,4.626864,260.0,16.0,59.01
2007-05-19 11:50:00,5.655056,220.0,17.0,51.72
2007-05-19 12:00:00,6.169152,220.0,16.8,53.47
2007-05-19 12:20:00,4.112768,230.0,17.0,51.72
2007-05-19 12:50:00,5.655056,240.0,17.0,55.37
2007-05-19 13:00:00,6.169152,240.0,17.3,52.87
2007-05-19 13:20:00,4.626864,240.0,17.0,55.37
2007-05-19 13:50:00,5.14096,220.0,17.0,55.37
2007-05-19 14:00:00,5.14096,220.0,17.4,55.48
2007-05-19 14:20:00,5.14096,240.0,17.0,51.72
2007-05-19 14:50:00,4.626864,230.0,18.0,55.63
2007-05-19 15:00:00,5.14096,230.0,18.2,54.2
2007-05-19 15:20:00,5.14096,240.0,17.0,55.37
2007-05-19 15:50:00,3.598672,240.0,18.0,51.98
2007-05-19 16:00:00,4.112768,240.0,17.9,51.96
2007-05-19 16:20:00,3.084576,230.0,17.0,55.37
2007-05-19 16:50:00,3.598672,240.0,17.0,59.26
2007-05-19 17:00:00,4.112768,240.0,17.0,58.07
2007-05-19 17:20:00,4.112768,250.0,17.0,55.37
2007-05-19 17:50:00,3.598672,260.0,17.0,51.72
2007-05-19 18:00:00,4.112768,260.0,16.8,52.74
2007-05-19 18:20:00,4.112768,280.0,16.0,55.12
2007-05-19 18:50:00,3.598672,280.0,15.0,54.86
2007-05-19 19:00:00,4.112768,280.0,15.3,55.32
2007-05-19 19:20:00,3.084576,300.0,14.0,58.52
2007-05-19 19:50:00,2.056384,300.0,14.0,62.69
2007-05-19 20:00:00,2.056384,300.0,13.7,62.62
2007-05-19 20:20:00,2.57048,300.0,13.0,62.46
2007-05-19 20:50:00,3.084576,310.0,13.0,62.46
2007-05-19 21:00:00,3.084576,310.0,13.0,63.33
2007-05-19 21:20:00,1.542288,320.0,12.0,66.7
2007-05-19 21:50:00,1.028192,290.0,11.0,66.48
2007-05-19 22:00:00,1.028192,290.0,11.3,66.09
2007-05-19 22:20:00,0.514096,300.0,11.0,71.26
2007-05-19 22:50:00,1.028192,300.0,11.0,66.48
2007-05-19 23:00:00,1.028192,300.0,10.9,66.0
2007-05-19 23:20:00,2.056384,280.0,11.0,66.48
2007-05-19 23:50:00,1.542288,290.0,11.0,66.48
2007-05-20 00:00:00,2.056384,290.0,10.7,66.89
2007-05-20 00:20:00,#VALUE!,,9.0,81.47
2007-05-20 00:50:00,#VALUE!,,9.0,81.47
2007-05-20 01:00:00,#VALUE!,,8.7,84.3
2007-05-20 01:20:00,0.514096,110.0,8.0,87.19
2007-05-20 01:50:00,1.028192,130.0,8.0,87.19
2007-05-20 02:00:00,1.028192,130.0,7.6,89.59
2007-05-20 02:20:00,1.028192,160.0,8.0,87.19
2007-05-20 02:50:00,1.542288,150.0,7.0,93.35
2007-05-20 03:00:00,2.056384,150.0,7.4,89.58
2007-05-20 03:20:00,1.028192,130.0,8.0,87.19
2007-05-20 03:50:00,0,0.0,7.0,87.09
2007-05-20 04:00:00,0,0.0,7.1,88.32
2007-05-20 04:20:00,0,0.0,7.0,87.09
2007-05-20 04:50:00,0,0.0,8.0,87.19
2007-05-20 05:00:00,0,0.0,7.5,88.97
2007-05-20 05:20:00,#VALUE!,,8.0,87.19
2007-05-20 05:50:00,0.514096,10.0,11.0,81.74
2007-05-20 06:00:00,1.028192,10.0,10.56,83.36
2007-05-20 06:20:00,#VALUE!,,12.0,76.5
2007-05-20 06:50:00,1.542288,50.0,12.0,81.87
2007-05-20 07:00:00,2.056384,50.0,12.3,78.12
2007-05-20 07:20:00,2.056384,40.0,13.0,71.64
2007-05-20 07:50:00,2.056384,50.0,14.0,71.83
2007-05-20 08:00:00,2.056384,50.0,14.3,70.45
2007-05-20 08:20:00,2.056384,50.0,14.0,71.83
2007-05-20 08:50:00,2.056384,60.0,14.0,71.83
2007-05-20 09:00:00,2.056384,60.0,14.2,69.01
2007-05-20 09:20:00,2.57048,50.0,15.0,67.33
2007-05-20 09:50:00,4.626864,30.0,16.0,63.15
2007-05-20 10:00:00,4.112768,40.0,15.9,62.7
2007-05-20 10:20:00,3.598672,50.0,16.0,67.54
2007-05-20 10:50:00,3.598672,30.0,16.0,63.15
2007-05-20 11:00:00,4.112768,30.0,15.56,64.35
2007-05-20 11:20:00,3.084576,40.0,15.0,72.01
2007-05-20 11:50:00,1.028192,50.0,16.0,72.2
2007-05-20 12:00:00,1.028192,50.0,15.56,74.05
2007-05-20 12:20:00,1.542288,20.0,16.0,77.14
2007-05-20 12:50:00,3.598672,350.0,16.0,77.14
2007-05-20 13:00:00,4.112768,350.0,15.56,79.14
2007-05-20 13:20:00,2.056384,340.0,16.0,77.14
2007-05-20 13:50:00,2.57048,10.0,16.0,77.14
2007-05-20 14:00:00,3.084576,10.0,16.3,75.67
2007-05-20 14:20:00,4.112768,20.0,16.0,72.2
2007-05-20 14:50:00,3.084576,360.0,17.0,72.38
2007-05-20 15:00:00,3.084576,360.0,16.67,72.81
2007-05-20 15:20:00,1.542288,10.0,16.0,77.14
2007-05-20 15:50:00,2.57048,20.0,16.0,77.14
2007-05-20 16:00:00,3.084576,20.0,15.8,80.74
2007-05-20 16:20:00,3.084576,10.0,16.0,72.2
2007-05-20 16:50:00,3.084576,350.0,16.0,77.14
2007-05-20 17:00:00,3.084576,350.0,15.56,78.6
2007-05-20 17:20:00,2.056384,320.0,15.0,82.25
2007-05-20 17:50:00,3.084576,310.0,14.0,87.74
2007-05-20 18:00:00,3.084576,310.0,14.44,88.35
2007-05-20 18:20:00,2.57048,340.0,14.0,87.74
2007-05-20 18:50:00,3.598672,340.0,14.0,93.69
2007-05-20 19:00:00,4.112768,340.0,13.8,91.86
2007-05-20 19:20:00,2.056384,350.0,14.0,87.74
2007-05-20 19:50:00,2.056384,10.0,14.0,93.69
2007-05-20 20:00:00,2.056384,10.0,13.8,91.86
2007-05-20 20:20:00,2.57048,350.0,14.0,93.69
2007-05-20 20:50:00,2.056384,340.0,14.0,87.74
2007-05-20 21:00:00,2.056384,340.0,13.8,91.26
2007-05-20 21:20:00,2.57048,310.0,14.0,87.74
2007-05-20 21:50:00,2.056384,310.0,13.0,93.65
2007-05-20 22:00:00,2.056384,310.0,13.33,91.83
2007-05-20 22:20:00,2.57048,310.0,13.0,93.65
2007-05-20 22:50:00,2.57048,290.0,13.0,93.65
2007-05-20 23:00:00,3.084576,290.0,13.2,92.43
2007-05-20 23:20:00,2.57048,300.0,14.0,87.74
2007-05-20 23:50:00,2.056384,290.0,14.0,87.74
2007-05-21 00:00:00,2.056384,290.0,13.6,92.45
2007-05-21 00:20:00,2.57048,280.0,14.0,87.74
2007-05-21 00:50:00,2.57048,290.0,13.0,93.65
2007-05-21 01:00:00,3.084576,290.0,13.4,92.44
2007-05-21 01:20:00,2.57048,280.0,14.0,87.74
2007-05-21 01:50:00,3.084576,290.0,14.0,87.74
2007-05-21 02:00:00,3.084576,290.0,13.5,91.84
2007-05-21 02:20:00,2.57048,290.0,14.0,87.74
2007-05-21 02:50:00,2.056384,270.0,14.0,87.74
2007-05-21 03:00:00,2.056384,270.0,13.6,92.45
2007-05-21 03:20:00,2.056384,280.0,14.0,87.74
2007-05-21 03:50:00,2.056384,280.0,14.0,87.74
2007-05-21 04:00:00,2.056384,280.0,13.6,92.45
2007-05-21 04:20:00,2.056384,280.0,14.0,87.74
2007-05-21 04:50:00,2.57048,280.0,14.0,93.69
2007-05-21 05:00:00,3.084576,280.0,13.7,93.07
2007-05-21 05:20:00,1.542288,300.0,14.0,93.69
2007-05-21 05:50:00,1.542288,290.0,14.0,93.69
2007-05-21 06:00:00,2.056384,290.0,13.8,93.07
2007-05-21 06:20:00,#VALUE!,,14.0,93.69
2007-05-21 06:50:00,#VALUE!,,15.0,87.83
2007-05-21 07:00:00,1.028192,250.0,14.7,91.32
2007-05-21 07:20:00,1.028192,240.0,15.0,93.74
2007-05-21 07:50:00,#VALUE!,,15.0,93.74
2007-05-21 08:00:00,1.028192,220.0,15.3,90.17
2007-05-21 08:20:00,1.542288,220.0,16.0,87.92
2007-05-21 08:50:00,#VALUE!,,16.0,87.92
2007-05-21 09:00:00,1.028192,310.0,16.11,87.93
2007-05-21 09:20:00,#VALUE!,,17.0,88.0
2007-05-21 09:50:00,#VALUE!,,17.0,88.0
2007-05-21 10:00:00,1.028192,350.0,17.0,85.21
2007-05-21 10:20:00,#VALUE!,,17.0,88.0
2007-05-21 10:50:00,#VALUE!,,17.0,88.0
2007-05-21 11:00:00,1.028192,20.0,17.3,84.15
2007-05-21 11:20:00,1.542288,40.0,18.0,82.62
2007-05-21 11:50:00,1.542288,20.0,18.0,82.62
2007-05-21 12:00:00,2.056384,20.0,17.7,83.65
2007-05-21 12:20:00,1.542288,20.0,18.0,82.62
2007-05-21 12:50:00,#VALUE!,,18.0,82.62
2007-05-21 13:00:00,#VALUE!,,18.33,83.19
2007-05-21 13:20:00,1.542288,30.0,19.0,77.6
2007-05-21 13:50:00,1.542288,40.0,19.0,82.74
2007-05-21 14:00:00,2.056384,40.0,19.2,80.67
2007-05-21 14:20:00,2.57048,40.0,19.0,82.74
2007-05-21 14:50:00,2.57048,60.0,20.0,77.75
2007-05-21 15:00:00,3.084576,60.0,19.9,78.73
2007-05-21 15:20:00,2.57048,30.0,20.0,77.75
2007-05-21 15:50:00,1.542288,30.0,20.0,82.86
2007-05-21 16:00:00,2.056384,30.0,20.1,80.28
2007-05-21 16:20:00,1.542288,40.0,20.0,77.75
2007-05-21 16:50:00,1.542288,50.0,19.0,82.74
2007-05-21 17:00:00,2.056384,50.0,19.3,81.2
2007-05-21 17:20:00,1.028192,70.0,19.0,82.74
2007-05-21 17:50:00,1.542288,60.0,19.0,88.18
2007-05-21 18:00:00,2.056384,60.0,19.2,85.98
2007-05-21 18:20:00,1.028192,50.0,19.0,88.18
2007-05-21 18:50:00,1.028192,40.0,18.0,88.09
2007-05-21 19:00:00,1.028192,40.0,18.4,88.12
2007-05-21 19:20:00,0.514096,50.0,18.0,88.09
2007-05-21 19:50:00,0.514096,330.0,17.0,88.0
2007-05-21 20:00:00,1.028192,330.0,17.4,86.91
2007-05-21 20:20:00,1.542288,350.0,17.0,88.0
2007-05-21 20:50:00,2.056384,340.0,17.0,93.83
2007-05-21 21:00:00,2.056384,340.0,17.4,88.61
2007-05-21 21:20:00,#VALUE!,,17.0,88.0
2007-05-21 21:50:00,0,0.0,16.0,93.79
2007-05-21 22:00:00,0,0.0,16.4,91.42
2007-05-21 22:20:00,2.056384,290.0,16.0,93.79
2007-05-21 22:50:00,0.514096,310.0,15.0,93.74
2007-05-21 23:00:00,1.028192,310.0,15.3,91.95
2007-05-21 23:20:00,1.542288,270.0,15.0,93.74
2007-05-21 23:50:00,1.028192,300.0,14.0,93.69
2007-05-22 00:00:00,1.028192,300.0,14.1,93.09
2007-05-22 00:20:00,1.542288,290.0,14.0,93.69
2007-05-22 00:50:00,1.542288,310.0,14.0,87.74
2007-05-22 01:00:00,2.056384,310.0,13.6,91.85
2007-05-22 01:20:00,2.056384,300.0,14.0,93.69
2007-05-22 01:50:00,1.542288,290.0,,
2007-05-22 02:00:00,2.056384,290.0,13.8,94.92
2007-05-22 02:20:00,1.028192,250.0,14.0,93.69
2007-05-22 02:50:00,1.542288,260.0,14.0,93.69
2007-05-22 03:00:00,2.056384,260.0,14.1,94.93
2007-05-22 03:20:00,1.542288,240.0,14.0,93.69
2007-05-22 03:50:00,#VALUE!,,14.0,93.69
2007-05-22 04:00:00,1.028192,200.0,14.2,94.32
2007-05-22 04:20:00,#VALUE!,,14.0,100.0
2007-05-22 04:50:00,1.028192,230.0,15.0,93.74
2007-05-22 05:00:00,1.028192,230.0,14.7,93.12
2007-05-22 05:20:00,1.542288,240.0,15.0,93.74
2007-05-22 05:50:00,1.542288,240.0,15.0,93.74
2007-05-22 06:00:00,2.056384,240.0,15.0,93.13
2007-05-22 06:20:00,#VALUE!,,16.0,87.92
2007-05-22 06:50:00,1.542288,300.0,16.0,87.92
2007-05-22 07:00:00,2.056384,300.0,15.9,90.22
2007-05-22 07:20:00,#VALUE!,,17.0,88.0
2007-05-22 07:50:00,#VALUE!,,17.0,88.0
2007-05-22 08:00:00,1.028192,360.0,16.9,85.75
2007-05-22 08:20:00,#VALUE!,,17.0,88.0
2007-05-22 08:50:00,#VALUE!,,18.0,82.62
2007-05-22 09:00:00,1.028192,330.0,17.7,84.74
2007-05-22 09:20:00,1.542288,350.0,18.0,82.62
2007-05-22 09:50:00,#VALUE!,,19.0,82.74
2007-05-22 10:00:00,1.028192,30.0,18.8,81.66
2007-05-22 10:20:00,2.57048,330.0,18.0,82.62
2007-05-22 10:50:00,3.084576,310.0,17.0,88.0
2007-05-22 11:00:00,3.084576,310.0,17.4,84.7
2007-05-22 11:20:00,4.112768,330.0,17.0,82.5
2007-05-22 11:50:00,4.112768,310.0,17.0,88.0
2007-05-22 12:00:00,4.112768,310.0,16.67,87.98
2007-05-22 12:20:00,3.084576,310.0,18.0,82.62
2007-05-22 12:50:00,3.084576,300.0,17.0,88.0
2007-05-22 13:00:00,3.084576,300.0,17.4,84.16
2007-05-22 13:20:00,4.626864,320.0,16.0,87.92
2007-05-22 13:50:00,3.598672,320.0,18.0,82.62
2007-05-22 14:00:00,4.112768,320.0,17.78,82.06
2007-05-22 14:20:00,2.57048,320.0,19.0,77.6
2007-05-22 14:50:00,3.598672,330.0,18.0,77.45
2007-05-22 15:00:00,4.112768,330.0,18.4,77.51
2007-05-22 15:20:00,4.626864,310.0,17.0,82.5
2007-05-22 15:50:00,5.14096,320.0,16.0,87.92
2007-05-22 16:00:00,5.14096,320.0,16.11,84.56
2007-05-22 16:20:00,4.112768,340.0,16.0,82.37
2007-05-22 16:50:00,4.112768,330.0,16.0,82.37
2007-05-22 17:00:00,4.112768,330.0,15.9,83.44
2007-05-22 17:20:00,3.084576,340.0,16.0,82.37
2007-05-22 17:50:00,3.598672,330.0,16.0,82.37
2007-05-22 18:00:00,4.112768,330.0,15.9,81.82
2007-05-22 18:20:00,2.57048,320.0,16.0,82.37
2007-05-22 18:50:00,2.57048,320.0,16.0,77.14
2007-05-22 19:00:00,3.084576,320.0,16.0,79.2
2007-05-22 19:20:00,3.084576,320.0,15.0,82.25
2007-05-22 19:50:00,2.57048,320.0,15.0,82.25
2007-05-22 20:00:00,3.084576,320.0,15.0,80.64
2007-05-22 20:20:00,3.598672,310.0,15.0,76.98
2007-05-22 20:50:00,3.598672,320.0,14.0,82.12
2007-05-22 21:00:00,4.112768,320.0,14.3,82.71
2007-05-22 21:20:00,2.056384,320.0,14.0,82.12
2007-05-22 21:50:00,1.028192,340.0,13.0,87.65
2007-05-22 22:00:00,1.028192,340.0,13.4,85.96
2007-05-22 22:20:00,0.514096,360.0,13.0,87.65
2007-05-22 22:50:00,1.028192,320.0,12.0,87.56
2007-05-22 23:00:00,1.028192,320.0,12.0,89.33
2007-05-22 23:20:00,0,0.0,12.0,87.56
2007-05-22 23:50:00,0.514096,310.0,12.0,87.56
2007-05-23 00:00:00,1.028192,310.0,12.22,89.35
2007-05-23 00:20:00,1.542288,330.0,12.0,87.56
2007-05-23 00:50:00,2.056384,330.0,11.0,93.55
2007-05-23 01:00:00,2.056384,330.0,11.4,90.49
2007-05-23 01:20:00,1.542288,330.0,11.0,93.55
2007-05-23 01:50:00,1.542288,350.0,11.0,93.55
2007-05-23 02:00:00,2.056384,350.0,11.2,91.7
2007-05-23 02:20:00,#VALUE!,,10.0,93.5
2007-05-23 02:50:00,#VALUE!,,10.0,93.5
2007-05-23 03:00:00,1.028192,360.0,10.4,90.42
2007-05-23 03:20:00,1.028192,10.0,10.0,93.5
2007-05-23 03:50:00,#VALUE!,,10.0,87.37
2007-05-23 04:00:00,1.028192,60.0,10.0,89.78
2007-05-23 04:20:00,0,0.0,10.0,87.37
2007-05-23 04:50:00,#VALUE!,,10.0,93.5
2007-05-23 05:00:00,1.028192,10.0,10.2,92.88
2007-05-23 05:20:00,#VALUE!,,11.0,93.55
2007-05-23 05:50:00,#VALUE!,,12.0,93.6
2007-05-23 06:00:00,1.028192,40.0,12.0,90.53
2007-05-23 06:20:00,1.542288,30.0,13.0,87.65
2007-05-23 06:50:00,2.056384,40.0,14.0,82.12
2007-05-23 07:00:00,2.056384,40.0,13.8,84.31
2007-05-23 07:20:00,2.056384,40.0,15.0,76.98
2007-05-23 07:50:00,3.084576,60.0,16.0,67.54
2007-05-23 08:00:00,3.084576,60.0,16.0,69.37
2007-05-23 08:20:00,2.57048,50.0,16.0,67.54
2007-05-23 08:50:00,3.084576,20.0,16.0,63.15
2007-05-23 09:00:00,3.084576,20.0,16.4,60.32
2007-05-23 09:20:00,3.084576,40.0,17.0,59.26
2007-05-23 09:50:00,#VALUE!,,18.0,59.5
2007-05-23 10:00:00,#VALUE!,,18.33,60.37
2007-05-23 10:20:00,2.056384,20.0,19.0,55.88
2007-05-23 10:50:00,2.57048,30.0,19.0,52.25
2007-05-23 11:00:00,3.084576,30.0,18.8,51.49
2007-05-23 11:20:00,3.084576,30.0,20.0,49.1
2007-05-23 11:50:00,3.084576,20.0,20.0,49.1
2007-05-23 12:00:00,3.084576,20.0,19.7,47.71
2007-05-23 12:20:00,2.57048,360.0,20.0,45.88
2007-05-23 12:50:00,3.084576,50.0,21.0,46.16
2007-05-23 13:00:00,3.084576,50.0,20.56,46.33
2007-05-23 13:20:00,2.57048,30.0,21.0,46.16
2007-05-23 13:50:00,2.056384,30.0,21.0,43.13
2007-05-23 14:00:00,2.056384,30.0,20.8,43.97
2007-05-23 14:20:00,2.056384,40.0,21.0,49.37
2007-05-23 14:50:00,#VALUE!,,21.0,49.37
2007-05-23 15:00:00,#VALUE!,,21.4,47.21
2007-05-23 16:00:00,2.056384,30.0,21.5,48.2
2007-05-23 16:20:00,2.57048,20.0,21.0,49.37
2007-05-23 16:50:00,2.57048,20.0,21.0,52.77
2007-05-23 17:00:00,3.084576,20.0,21.11,50.73
2007-05-23 17:20:00,2.056384,40.0,21.0,52.77
2007-05-23 17:50:00,2.57048,10.0,20.0,56.13
2007-05-23 18:00:00,3.084576,10.0,20.1,55.42
2007-05-23 18:20:00,2.57048,360.0,19.0,59.74
2007-05-23 18:50:00,2.056384,360.0,18.0,63.6
2007-05-23 19:00:00,2.056384,360.0,17.78,66.14
2007-05-23 19:20:00,2.056384,360.0,17.0,67.75
2007-05-23 19:50:00,1.542288,10.0,15.0,76.98
2007-05-23 20:00:00,2.056384,10.0,15.4,74.53
2007-05-23 20:20:00,1.542288,360.0,15.0,72.01
2007-05-23 20:50:00,1.542288,340.0,15.0,72.01
2007-05-23 21:00:00,2.056384,340.0,15.3,71.11
2007-05-23 21:20:00,2.056384,10.0,14.0,76.82
2007-05-23 21:50:00,2.056384,20.0,14.0,76.82
2007-05-23 22:00:00,2.056384,20.0,13.6,77.28
2007-05-23 22:20:00,1.028192,20.0,14.0,71.83
2007-05-23 22:50:00,1.542288,340.0,13.0,76.66
2007-05-23 23:00:00,2.056384,340.0,13.0,78.76
2007-05-23 23:20:00,1.542288,340.0,13.0,76.66
2007-05-23 23:50:00,#VALUE!,,12.0,81.87
2007-05-24 00:00:00,1.028192,10.0,12.1,83.55
2007-05-24 00:20:00,0.514096,100.0,12.0,87.56
2007-05-24 00:50:00,#VALUE!,,12.0,81.87
2007-05-24 01:00:00,1.028192,50.0,12.1,82.43
2007-05-24 01:20:00,#VALUE!,,11.0,87.47
2007-05-24 01:50:00,1.028192,330.0,11.0,87.47
2007-05-24 02:00:00,1.028192,330.0,11.0,85.13
2007-05-24 02:20:00,1.028192,340.0,10.0,87.37
2007-05-24 02:50:00,0.514096,350.0,11.0,81.74
2007-05-24 03:00:00,1.028192,350.0,10.7,86.26
2007-05-24 03:20:00,1.028192,340.0,10.0,93.5
2007-05-24 03:50:00,0.514096,330.0,10.0,87.37
2007-05-24 04:00:00,1.028192,330.0,10.2,88.59
2007-05-24 04:20:00,1.028192,320.0,10.0,87.37
2007-05-24 04:50:00,1.028192,340.0,11.0,87.47
2007-05-24 05:00:00,1.028192,340.0,11.11,87.48
2007-05-24 05:20:00,0,0.0,12.0,87.56
2007-05-24 05:50:00,#VALUE!,,13.0,87.65
2007-05-24 06:00:00,1.028192,20.0,12.9,85.91
2007-05-24 06:20:00,#VALUE!,,14.0,82.12
2007-05-24 06:50:00,1.542288,70.0,15.0,82.25
2007-05-24 07:00:00,2.056384,70.0,15.3,78.06
2007-05-24 07:20:00,1.542288,20.0,16.0,77.14
2007-05-24 07:50:00,#VALUE!,,17.0,72.38
2007-05-24 08:00:00,1.028192,20.0,17.3,71.02
2007-05-24 08:20:00,1.542288,30.0,19.0,63.82
2007-05-24 08:50:00,2.056384,50.0,20.0,64.04
2007-05-24 09:00:00,2.056384,50.0,20.3,62.86
2007-05-24 09:20:00,2.57048,40.0,21.0,56.38
2007-05-24 09:50:00,2.57048,40.0,22.0,53.03
2007-05-24 10:00:00,3.084576,40.0,21.5,54.68
2007-05-24 10:20:00,#VALUE!,,22.0,49.64
2007-05-24 10:50:00,2.57048,40.0,22.0,56.63
2007-05-24 11:00:00,3.084576,40.0,22.4,56.36
2007-05-24 11:20:00,2.056384,30.0,23.0,49.9
2007-05-24 11:50:00,1.542288,40.0,23.0,53.29
2007-05-24 12:00:00,2.056384,40.0,23.1,51.6
2007-05-24 12:20:00,1.542288,20.0,23.0,53.29
2007-05-24 13:00:00,1.028192,20.0,23.89,48.52
2007-05-24 13:20:00,2.056384,70.0,24.0,50.17
2007-05-24 13:50:00,2.57048,350.0,24.0,50.17
2007-05-24 14:00:00,3.084576,350.0,24.1,48.9
2007-05-24 14:20:00,2.056384,10.0,24.0,53.55
2007-05-24 14:50:00,2.57048,10.0,24.0,53.55
2007-05-24 15:00:00,3.084576,10.0,24.2,52.56
2007-05-24 15:20:00,2.056384,10.0,24.0,50.17
2007-05-24 15:50:00,2.57048,20.0,24.0,53.55
2007-05-24 16:00:00,3.084576,20.0,24.1,52.88
2007-05-24 16:20:00,2.57048,10.0,24.0,50.17
2007-05-24 16:50:00,2.57048,30.0,24.0,53.55
2007-05-24 17:00:00,3.084576,30.0,23.8,54.19
2007-05-24 17:20:00,2.57048,30.0,23.0,60.67
2007-05-24 17:50:00,2.57048,20.0,23.0,60.67
2007-05-24 18:00:00,3.084576,20.0,22.7,61.0
2007-05-24 18:20:00,1.542288,10.0,22.0,60.44
2007-05-24 18:50:00,2.056384,360.0,21.0,68.55
2007-05-24 19:00:00,2.056384,360.0,21.4,65.61
2007-05-24 19:20:00,2.056384,360.0,20.0,64.04
2007-05-24 19:50:00,1.542288,10.0,19.0,68.15
2007-05-24 20:00:00,2.056384,10.0,19.2,68.19
2007-05-24 20:20:00,2.056384,10.0,19.0,63.82
2007-05-24 20:50:00,2.056384,310.0,18.0,77.45
2007-05-24 21:00:00,2.056384,310.0,18.33,73.57
2007-05-24 21:20:00,1.542288,310.0,18.0,72.56
2007-05-24 21:50:00,2.056384,330.0,17.0,77.29
2007-05-24 22:00:00,2.056384,330.0,17.1,76.3
2007-05-24 22:20:00,#VALUE!,,17.0,77.29
2007-05-24 22:50:00,1.542288,320.0,16.0,82.37
2007-05-24 23:00:00,2.056384,320.0,16.3,79.24
2007-05-24 23:20:00,1.542288,350.0,16.0,77.14
2007-05-24 23:50:00,2.056384,360.0,16.0,82.37
2007-05-25 00:00:00,2.056384,360.0,15.8,82.89
2007-05-25 00:20:00,#VALUE!,,16.0,82.37
2007-05-25 00:50:00,0,0.0,16.0,82.37
2007-05-25 01:00:00,#VALUE!,,15.56,86.74
2007-05-25 01:20:00,#VALUE!,,16.0,82.37
2007-05-25 01:50:00,#VALUE!,,16.0,82.37
2007-05-25 02:00:00,1.028192,50.0,15.56,86.74
2007-05-25 02:20:00,#VALUE!,,16.0,87.92
2007-05-25 02:50:00,0,0.0,16.0,87.92
2007-05-25 03:00:00,0,0.0,15.8,87.33
2007-05-25 03:20:00,1.028192,140.0,16.0,87.92
2007-05-25 03:50:00,#VALUE!,,16.0,87.92
2007-05-25 04:00:00,1.028192,290.0,15.8,88.47
2007-05-25 04:20:00,0.514096,340.0,16.0,87.92
2007-05-25 04:50:00,#VALUE!,,16.0,87.92
2007-05-25 05:00:00,1.028192,340.0,16.11,86.23
2007-05-25 05:20:00,#VALUE!,,16.0,87.92
2007-05-25 05:50:00,0.514096,10.0,16.0,87.92
2007-05-25 06:00:00,1.028192,10.0,16.2,86.24
2007-05-25 06:20:00,0.514096,10.0,16.0,87.92
2007-05-25 06:50:00,#VALUE!,,16.0,87.92
2007-05-25 07:00:00,1.028192,80.0,16.3,86.81
2007-05-25 07:20:00,#VALUE!,,17.0,82.5
2007-05-25 07:50:00,#VALUE!,,18.0,82.62
2007-05-25 08:00:00,#VALUE!,,17.6,84.18
2007-05-25 08:20:00,2.056384,190.0,18.0,77.45
2007-05-25 08:50:00,1.542288,190.0,20.0,72.92
2007-05-25 09:00:00,2.056384,190.0,20.3,71.58
2007-05-25 09:20:00,#VALUE!,,21.0,68.55
2007-05-25 09:50:00,#VALUE!,,22.0,64.48
2007-05-25 10:00:00,#VALUE!,,21.5,67.34
2007-05-25 10:20:00,#VALUE!,,23.0,64.69
2007-05-25 10:50:00,#VALUE!,,23.0,56.88
2007-05-25 11:00:00,#VALUE!,,23.0,57.62
2007-05-25 11:20:00,#VALUE!,,24.0,57.12
2007-05-25 11:50:00,#VALUE!,,23.0,56.88
2007-05-25 12:00:00,#VALUE!,,23.0,57.99
2007-05-25 12:20:00,#VALUE!,,23.0,60.67
2007-05-25 12:50:00,#VALUE!,,23.0,60.67
2007-05-25 13:00:00,1.028192,40.0,23.33,59.2
2007-05-25 13:20:00,#VALUE!,,24.0,57.12
2007-05-25 13:50:00,1.542288,70.0,24.0,57.12
2007-05-25 14:00:00,2.056384,70.0,24.3,56.83
2007-05-25 14:20:00,#VALUE!,,25.0,57.36
2007-05-25 14:50:00,#VALUE!,,25.0,53.8
2007-05-25 15:00:00,#VALUE!,,24.9,53.08
2007-05-25 15:20:00,1.542288,20.0,24.0,60.9
2007-05-25 15:50:00,1.542288,90.0,24.0,57.12
2007-05-25 16:00:00,2.056384,90.0,24.0,57.12
2007-05-25 16:20:00,1.028192,60.0,24.0,60.9
2007-05-25 16:50:00,1.542288,60.0,23.0,68.94
2007-05-25 17:00:00,2.056384,60.0,23.0,68.94
2007-05-25 17:20:00,1.542288,90.0,24.0,57.12
2007-05-25 17:50:00,#VALUE!,,24.0,60.9
2007-05-25 18:00:00,1.028192,40.0,24.0,62.08
2007-05-25 18:20:00,4.626864,320.0,22.0,60.44
2007-05-25 18:50:00,4.112768,320.0,21.0,64.26
2007-05-25 19:00:00,4.112768,320.0,20.8,64.64
2007-05-25 19:20:00,3.084576,320.0,20.0,64.04
2007-05-25 19:50:00,2.056384,310.0,20.0,64.04
2007-05-25 20:00:00,2.056384,310.0,19.9,65.72
2007-05-25 20:20:00,1.542288,320.0,19.0,68.15
2007-05-25 20:50:00,2.57048,320.0,19.0,68.15
2007-05-25 21:00:00,3.084576,320.0,18.89,67.25
2007-05-25 21:20:00,2.57048,200.0,19.0,68.15
2007-05-25 21:50:00,4.112768,20.0,19.0,68.15
2007-05-25 22:00:00,4.112768,20.0,18.6,71.26
2007-05-25 22:20:00,4.626864,350.0,19.0,68.15
2007-05-25 22:50:00,5.655056,20.0,18.0,72.56
2007-05-25 23:00:00,6.169152,20.0,18.0,74.97
2007-05-25 23:20:00,2.056384,40.0,18.0,77.45
2007-05-25 23:50:00,5.14096,180.0,17.0,82.5
2007-05-26 00:00:00,5.14096,180.0,17.3,80.94
2007-05-26 00:20:00,3.084576,190.0,17.0,82.5
2007-05-26 00:50:00,2.056384,200.0,16.0,87.92
2007-05-26 01:00:00,2.056384,200.0,16.4,87.95
2007-05-26 01:20:00,1.542288,330.0,16.0,87.92
2007-05-26 01:50:00,1.542288,240.0,16.0,87.92
2007-05-26 02:00:00,2.056384,240.0,15.56,90.2
2007-05-26 02:20:00,2.056384,290.0,15.0,93.74
2007-05-26 02:50:00,2.056384,270.0,15.0,87.83
2007-05-26 03:00:00,2.056384,270.0,15.1,88.99
2007-05-26 03:20:00,2.57048,260.0,15.0,87.83
2007-05-26 03:50:00,3.084576,300.0,15.0,87.83
2007-05-26 04:00:00,3.084576,300.0,14.8,91.32
2007-05-26 04:20:00,2.056384,300.0,15.0,93.74
2007-05-26 04:50:00,1.542288,10.0,15.0,93.74
2007-05-26 05:00:00,2.056384,10.0,15.0,91.93
2007-05-26 05:20:00,1.542288,10.0,15.0,93.74
2007-05-26 05:50:00,2.056384,360.0,15.0,93.74
2007-05-26 06:00:00,2.056384,360.0,15.1,91.34
2007-05-26 06:20:00,2.056384,20.0,15.0,93.74
2007-05-26 06:50:00,2.056384,360.0,15.0,93.74
2007-05-26 07:00:00,2.056384,360.0,15.2,90.17
2007-05-26 07:20:00,2.57048,10.0,15.0,93.74
2007-05-26 07:50:00,1.542288,60.0,15.0,93.74
2007-05-26 08:00:00,2.056384,60.0,15.3,89.59
2007-05-26 08:20:00,2.056384,40.0,15.0,93.74
2007-05-26 08:50:00,1.542288,50.0,15.0,93.74
2007-05-26 09:00:00,2.056384,50.0,15.2,90.17
2007-05-26 09:20:00,1.542288,70.0,15.0,87.83
2007-05-26 09:50:00,1.542288,80.0,15.0,87.83
2007-05-26 10:00:00,2.056384,80.0,15.0,90.74
2007-05-26 10:20:00,2.056384,40.0,15.0,93.74
2007-05-26 10:50:00,2.056384,60.0,16.0,87.92
2007-05-26 11:00:00,2.056384,60.0,15.7,87.89
2007-05-26 11:20:00,2.056384,70.0,17.0,82.5
2007-05-26 11:50:00,2.57048,70.0,17.0,82.5
2007-05-26 12:00:00,3.084576,70.0,17.0,80.9
2007-05-26 12:20:00,1.542288,60.0,17.0,82.5
2007-05-26 12:50:00,1.542288,80.0,17.0,82.5
2007-05-26 13:00:00,2.056384,80.0,16.67,83.54
2007-05-26 13:20:00,3.084576,60.0,17.0,82.5
2007-05-26 13:50:00,2.57048,50.0,18.0,77.45
2007-05-26 14:00:00,3.084576,50.0,17.6,82.04
2007-05-26 14:20:00,2.056384,50.0,18.0,77.45
2007-05-26 14:50:00,3.084576,40.0,17.0,82.5
2007-05-26 15:00:00,3.084576,40.0,17.4,80.96
2007-05-26 15:20:00,3.084576,60.0,17.0,82.5
2007-05-26 15:50:00,3.084576,70.0,17.0,82.5
2007-05-26 16:00:00,3.084576,70.0,17.0,81.43
2007-05-26 16:20:00,3.084576,50.0,17.0,82.5
2007-05-26 16:50:00,3.598672,60.0,17.0,82.5
2007-05-26 17:00:00,4.112768,60.0,17.0,82.5
2007-05-26 17:20:00,3.084576,90.0,18.0,77.45
2007-05-26 17:50:00,3.084576,60.0,17.0,82.5
2007-05-26 18:00:00,3.084576,60.0,17.22,81.99
2007-05-26 18:20:00,2.056384,70.0,17.0,82.5
2007-05-26 18:50:00,#VALUE!,,16.0,87.92
2007-05-26 19:00:00,1.028192,80.0,16.4,85.15
2007-05-26 19:20:00,1.542288,80.0,16.0,87.92
2007-05-26 19:50:00,2.056384,90.0,16.0,87.92
2007-05-26 20:00:00,2.056384,90.0,15.8,87.9
2007-05-26 20:20:00,2.056384,80.0,16.0,87.92
2007-05-26 20:50:00,2.056384,80.0,15.0,93.74
2007-05-26 21:00:00,2.056384,80.0,15.4,88.44
2007-05-26 21:20:00,2.056384,90.0,15.0,93.74
2007-05-26 21:50:00,2.056384,100.0,15.0,93.74
2007-05-26 22:00:00,2.056384,100.0,15.4,88.44
2007-05-26 22:20:00,0,0.0,15.0,93.74
2007-05-26 22:50:00,#VALUE!,,15.0,93.74
2007-05-26 23:00:00,1.028192,270.0,14.9,91.93
2007-05-26 23:20:00,#VALUE!,,15.0,93.74
2007-05-26 23:50:00,#VALUE!,,15.0,93.74
2007-05-27 00:00:00,1.028192,60.0,14.8,91.92
2007-05-27 00:20:00,1.028192,70.0,15.0,93.74
2007-05-27 00:50:00,#VALUE!,,15.0,87.83
2007-05-27 01:00:00,1.028192,40.0,14.6,92.51
2007-05-27 01:20:00,#VALUE!,,15.0,87.83
2007-05-27 01:50:00,1.028192,60.0,15.0,87.83
2007-05-27 02:00:00,1.028192,60.0,14.44,93.11
2007-05-27 02:20:00,#VALUE!,,15.0,87.83
2007-05-27 02:50:00,0,0.0,15.0,87.83
2007-05-27 03:00:00,0,0.0,14.44,92.5
2007-05-27 03:20:00,#VALUE!,,15.0,93.74
2007-05-27 03:50:00,5.14096,270.0,14.0,93.69
2007-05-27 04:00:00,5.14096,270.0,14.2,93.09
2007-05-27 04:20:00,4.112768,260.0,14.0,93.69
2007-05-27 04:50:00,4.626864,260.0,14.0,87.74
2007-05-27 05:00:00,5.14096,260.0,13.8,91.26
2007-05-27 05:20:00,5.14096,250.0,14.0,87.74
2007-05-27 05:50:00,5.14096,260.0,13.0,93.65
2007-05-27 06:00:00,5.14096,260.0,13.4,90.04
2007-05-27 06:20:00,5.14096,270.0,14.0,87.74
2007-05-27 06:50:00,4.112768,260.0,14.0,87.74
2007-05-27 07:00:00,4.112768,260.0,13.8,88.3
2007-05-27 07:20:00,4.112768,250.0,14.0,87.74
2007-05-27 07:50:00,4.626864,240.0,14.0,82.12
2007-05-27 08:00:00,5.14096,240.0,13.6,86.55
2007-05-27 08:20:00,5.655056,240.0,14.0,82.12
2007-05-27 08:50:00,5.14096,230.0,14.0,82.12
2007-05-27 09:00:00,5.14096,230.0,14.3,82.71
2007-05-27 09:20:00,6.169152,230.0,14.0,76.82
2007-05-27 09:50:00,4.626864,220.0,15.0,76.98
2007-05-27 10:00:00,5.14096,220.0,14.7,77.45
2007-05-27 10:20:00,5.655056,230.0,14.0,71.83
2007-05-27 10:50:00,5.655056,220.0,15.0,67.33
2007-05-27 11:00:00,6.169152,220.0,14.9,68.23
2007-05-27 11:20:00,5.14096,210.0,15.0,67.33
2007-05-27 11:50:00,5.655056,240.0,16.0,59.01
2007-05-27 12:00:00,6.169152,240.0,16.11,60.25
2007-05-27 12:20:00,5.14096,200.0,15.0,67.33
2007-05-27 12:50:00,4.626864,220.0,15.0,62.92
2007-05-27 13:00:00,5.14096,220.0,14.8,65.94
2007-05-27 13:20:00,5.14096,230.0,15.0,62.92
2007-05-27 13:50:00,4.626864,230.0,16.0,63.15
2007-05-27 14:00:00,5.14096,230.0,16.4,60.73
2007-05-27 14:20:00,4.112768,210.0,17.0,51.72
2007-05-27 14:50:00,5.14096,210.0,16.0,55.12
2007-05-27 15:00:00,5.14096,210.0,16.4,54.47
2007-05-27 15:20:00,5.14096,210.0,16.0,55.12
2007-05-27 15:50:00,4.626864,190.0,16.0,55.12
2007-05-27 16:00:00,5.14096,190.0,15.8,56.21
2007-05-27 16:20:00,3.598672,200.0,16.0,51.45
2007-05-27 16:50:00,3.598672,190.0,15.0,58.77
2007-05-27 17:00:00,4.112768,190.0,15.0,57.97
2007-05-27 17:20:00,3.084576,230.0,14.0,67.12
2007-05-27 17:50:00,1.542288,260.0,14.0,67.12
2007-05-27 18:00:00,2.056384,260.0,14.3,67.64
2007-05-27 18:20:00,2.056384,200.0,14.0,67.12
2007-05-27 18:50:00,4.112768,220.0,13.0,76.66
2007-05-27 19:00:00,4.112768,220.0,12.7,77.66
2007-05-27 19:20:00,4.112768,240.0,12.0,87.56
2007-05-27 19:50:00,1.542288,230.0,11.0,93.55
2007-05-27 20:00:00,2.056384,230.0,11.3,89.88
2007-05-27 20:20:00,1.028192,130.0,11.0,93.55
2007-05-27 20:50:00,1.542288,90.0,11.0,93.55
2007-05-27 21:00:00,2.056384,90.0,11.3,90.48
2007-05-27 21:20:00,1.542288,100.0,11.0,93.55
2007-05-27 21:50:00,2.056384,100.0,11.0,93.55
2007-05-27 22:00:00,2.056384,100.0,11.0,90.46
2007-05-27 22:20:00,1.028192,120.0,11.0,87.47
2007-05-27 22:50:00,1.542288,120.0,11.0,93.55
2007-05-27 23:00:00,2.056384,120.0,11.4,88.69
2007-05-27 23:20:00,1.542288,130.0,11.0,93.55
2007-05-27 23:50:00,2.056384,110.0,11.0,87.47
2007-05-28 00:00:00,2.056384,110.0,11.0,89.86
2007-05-28 00:20:00,1.542288,130.0,11.0,87.47
2007-05-28 00:50:00,1.542288,110.0,11.0,87.47
2007-05-28 01:00:00,2.056384,110.0,11.0,89.86
2007-05-28 01:20:00,1.542288,130.0,11.0,87.47
2007-05-28 01:50:00,1.542288,130.0,11.0,87.47
2007-05-28 02:00:00,2.056384,130.0,10.56,89.22
2007-05-28 02:20:00,1.542288,140.0,10.0,87.37
2007-05-28 02:50:00,2.056384,180.0,10.0,87.37
2007-05-28 03:00:00,2.056384,180.0,9.8,90.38
2007-05-28 03:20:00,2.056384,180.0,10.0,87.37
2007-05-28 03:50:00,2.056384,170.0,10.0,87.37
2007-05-28 04:00:00,2.056384,170.0,9.7,90.37
2007-05-28 04:20:00,1.542288,180.0,10.0,87.37
2007-05-28 04:50:00,1.028192,180.0,10.0,87.37
2007-05-28 05:00:00,1.028192,180.0,9.7,90.37
2007-05-28 05:20:00,2.056384,180.0,11.0,87.47
2007-05-28 05:50:00,2.57048,190.0,11.0,87.47
2007-05-28 06:00:00,3.084576,190.0,10.9,86.87
2007-05-28 06:20:00,2.57048,200.0,12.0,81.87
2007-05-28 06:50:00,3.084576,210.0,12.0,76.5
2007-05-28 07:00:00,3.084576,210.0,12.0,78.61
2007-05-28 07:20:00,3.084576,210.0,13.0,71.64
2007-05-28 07:50:00,1.542288,220.0,13.0,71.64
2007-05-28 08:00:00,2.056384,220.0,12.6,75.06
2007-05-28 08:20:00,#VALUE!,,13.0,71.64
2007-05-28 08:50:00,1.542288,180.0,13.0,66.91
2007-05-28 09:00:00,2.056384,180.0,13.0,68.3
2007-05-28 09:20:00,1.542288,170.0,13.0,71.64
2007-05-28 09:50:00,2.056384,180.0,13.0,71.64
2007-05-28 10:00:00,2.056384,180.0,13.2,69.76
2007-05-28 10:20:00,3.084576,190.0,13.0,66.91
2007-05-28 10:50:00,#VALUE!,,14.0,62.69
2007-05-28 11:00:00,1.028192,180.0,13.6,63.03
2007-05-28 11:20:00,#VALUE!,,15.0,54.86
2007-05-28 11:50:00,#VALUE!,,15.0,51.18
2007-05-28 12:00:00,1.028192,20.0,14.44,53.97
2007-05-28 12:20:00,#VALUE!,,15.0,58.77
2007-05-28 12:50:00,#VALUE!,,15.0,58.77
2007-05-28 13:00:00,#VALUE!,,15.0,58.37
2007-05-28 13:20:00,#VALUE!,,15.0,54.86
2007-05-28 13:50:00,1.542288,70.0,15.0,58.77
2007-05-28 14:00:00,2.056384,70.0,14.8,60.35
2007-05-28 14:20:00,#VALUE!,,15.0,54.86
2007-05-28 14:50:00,#VALUE!,,15.0,54.86
2007-05-28 15:00:00,1.028192,20.0,15.0,55.24
2007-05-28 15:20:00,#VALUE!,,14.0,62.69
2007-05-28 15:50:00,2.056384,200.0,14.0,62.69
2007-05-28 16:00:00,2.056384,200.0,13.8,64.39
2007-05-28 16:20:00,1.542288,220.0,14.0,62.69
2007-05-28 16:50:00,#VALUE!,,15.0,58.77
2007-05-28 17:00:00,1.028192,270.0,14.6,58.67
2007-05-28 17:20:00,#VALUE!,,14.0,62.69
2007-05-28 17:50:00,#VALUE!,,14.0,67.12
2007-05-28 18:00:00,1.028192,190.0,13.7,70.33
2007-05-28 18:20:00,#VALUE!,,14.0,67.12
2007-05-28 18:50:00,1.028192,40.0,13.0,71.64
2007-05-28 19:00:00,1.028192,40.0,13.1,73.14
2007-05-28 19:20:00,2.056384,40.0,12.0,81.87
2007-05-28 19:50:00,#VALUE!,,12.0,81.87
2007-05-28 20:00:00,1.028192,50.0,11.67,82.38
2007-05-28 20:20:00,0.514096,120.0,12.0,81.87
2007-05-28 20:50:00,1.028192,130.0,12.0,81.87
2007-05-28 21:00:00,1.028192,130.0,11.5,85.19
2007-05-28 21:20:00,#VALUE!,,11.0,87.47
2007-05-28 21:50:00,0.514096,290.0,11.0,87.47
2007-05-28 22:00:00,1.028192,290.0,11.0,86.88
2007-05-28 22:20:00,0.514096,30.0,11.0,87.47
2007-05-28 22:50:00,#VALUE!,,11.0,87.47
2007-05-28 23:00:00,1.028192,350.0,11.0,86.88
2007-05-28 23:20:00,#VALUE!,,11.0,87.47
2007-05-28 23:50:00,1.542288,260.0,11.0,87.47
2007-05-29 00:00:00,2.056384,260.0,11.3,85.74
2007-05-29 00:20:00,2.57048,270.0,11.0,87.47
2007-05-29 00:50:00,2.57048,250.0,11.0,87.47
2007-05-29 01:00:00,3.084576,250.0,11.3,86.91
2007-05-29 01:20:00,3.598672,260.0,11.0,87.47
2007-05-29 01:50:00,3.598672,260.0,11.0,87.47
2007-05-29 02:00:00,4.112768,260.0,11.2,88.08
2007-05-29 02:20:00,4.112768,270.0,11.0,87.47
2007-05-29 02:50:00,4.626864,280.0,11.0,87.47
2007-05-29 03:00:00,5.14096,280.0,11.2,88.67
2007-05-29 03:20:00,5.14096,290.0,11.0,87.47
2007-05-29 03:50:00,5.655056,310.0,11.0,87.47
2007-05-29 04:00:00,6.169152,310.0,10.8,86.86
2007-05-29 04:20:00,4.112768,310.0,11.0,87.47
2007-05-29 04:50:00,5.14096,300.0,11.0,87.47
2007-05-29 05:00:00,5.14096,300.0,10.9,86.28
2007-05-29 05:20:00,4.112768,300.0,10.0,87.37
2007-05-29 05:50:00,5.655056,300.0,10.0,93.5
2007-05-29 06:00:00,6.169152,300.0,10.2,89.19
2007-05-29 06:20:00,6.683248,300.0,11.0,81.74
2007-05-29 06:50:00,6.169152,300.0,10.0,87.37
2007-05-29 07:00:00,6.169152,300.0,10.2,88.59
2007-05-29 07:20:00,6.683248,290.0,10.0,87.37
2007-05-29 07:50:00,7.71144,290.0,11.0,81.74
2007-05-29 08:00:00,8.225536,290.0,10.56,82.24
2007-05-29 08:20:00,7.197344,290.0,10.0,81.61
2007-05-29 08:50:00,7.197344,290.0,11.0,76.34
2007-05-29 09:00:00,7.197344,290.0,10.56,79.47
2007-05-29 09:20:00,7.197344,290.0,10.0,76.18
2007-05-29 09:50:00,7.197344,290.0,12.0,71.45
2007-05-29 10:00:00,7.197344,290.0,12.4,70.56
2007-05-29 10:20:00,7.197344,290.0,11.0,66.48
2007-05-29 10:50:00,7.197344,290.0,11.0,66.48
2007-05-29 11:00:00,7.197344,290.0,11.0,67.89
2007-05-29 11:20:00,8.739632,290.0,11.0,66.48
2007-05-29 11:50:00,7.71144,280.0,12.0,66.7
2007-05-29 12:00:00,8.225536,280.0,12.1,65.35
2007-05-29 12:20:00,7.71144,290.0,13.0,58.27
2007-05-29 12:50:00,7.197344,290.0,13.0,58.27
2007-05-29 13:00:00,7.197344,290.0,12.7,58.2
2007-05-29 13:20:00,8.225536,280.0,13.0,54.34
2007-05-29 13:50:00,8.739632,280.0,13.0,47.16
2007-05-29 14:00:00,8.739632,280.0,12.78,47.1
2007-05-29 14:20:00,9.767824,280.0,14.0,44.19
2007-05-29 14:50:00,7.197344,280.0,14.0,44.19
2007-05-29 15:00:00,7.197344,280.0,13.7,46.36
2007-05-29 15:20:00,7.197344,290.0,14.0,44.19
2007-05-29 15:50:00,9.253728,300.0,13.0,50.64
2007-05-29 16:00:00,8.739632,300.0,12.5,52.69
2007-05-29 16:50:00,7.71144,280.0,13.0,50.64
2007-05-29 17:00:00,8.225536,280.0,12.78,51.67
2007-05-29 17:20:00,7.197344,280.0,13.0,50.64
2007-05-29 17:50:00,7.197344,280.0,12.0,54.07
2007-05-29 18:00:00,7.197344,280.0,11.8,54.4
2007-05-29 18:20:00,5.655056,270.0,12.0,54.07
2007-05-29 18:50:00,4.626864,260.0,11.0,61.99
2007-05-29 19:00:00,5.14096,260.0,10.9,60.67
2007-05-29 19:20:00,5.14096,270.0,11.0,57.77
2007-05-29 19:50:00,3.598672,260.0,10.0,66.27
2007-05-29 20:00:00,4.112768,260.0,10.4,64.07
2007-05-29 20:20:00,3.084576,250.0,11.0,61.99
2007-05-29 20:50:00,3.084576,240.0,9.0,70.88
2007-05-29 21:00:00,3.084576,240.0,9.44,70.46
2007-05-29 21:20:00,2.57048,190.0,8.0,81.34
2007-05-29 21:50:00,3.084576,200.0,9.0,76.01
2007-05-29 22:00:00,3.084576,200.0,8.6,77.01
2007-05-29 22:20:00,3.084576,190.0,8.0,81.34
2007-05-29 22:50:00,2.57048,210.0,8.0,75.84
2007-05-29 23:00:00,3.084576,210.0,7.7,79.06
2007-05-29 23:20:00,3.084576,210.0,8.0,81.34
2007-05-29 23:50:00,3.084576,210.0,7.0,81.2
2007-05-30 00:00:00,3.084576,210.0,7.1,81.22
2007-05-30 00:20:00,2.57048,220.0,7.0,81.2
2007-05-30 00:50:00,3.084576,210.0,6.0,81.07
2007-05-30 01:00:00,3.084576,210.0,6.4,81.7
2007-05-30 01:20:00,3.084576,190.0,6.0,81.07
2007-05-30 01:50:00,2.57048,190.0,5.0,86.89
2007-05-30 02:00:00,3.084576,190.0,5.2,85.09
2007-05-30 02:20:00,3.084576,190.0,5.0,86.89
2007-05-30 02:50:00,3.084576,190.0,5.0,86.89
2007-05-30 03:00:00,3.084576,190.0,5.0,85.67
2007-05-30 03:20:00,3.598672,180.0,5.0,86.89
2007-05-30 03:50:00,3.598672,190.0,5.0,86.89
2007-05-30 04:00:00,4.112768,190.0,4.6,86.24
2007-05-30 04:20:00,3.084576,180.0,5.0,86.89
2007-05-30 04:50:00,2.57048,180.0,6.0,81.07
2007-05-30 05:00:00,3.084576,180.0,5.9,82.79
2007-05-30 05:20:00,2.57048,180.0,7.0,81.2
2007-05-30 05:50:00,2.056384,180.0,9.0,70.88
2007-05-30 06:00:00,2.056384,180.0,8.6,72.31
2007-05-30 06:20:00,1.542288,180.0,10.0,61.76
2007-05-30 06:50:00,3.084576,180.0,11.0,61.99
2007-05-30 07:00:00,3.084576,180.0,10.8,61.08
2007-05-30 07:20:00,3.084576,180.0,12.0,62.23
2007-05-30 07:50:00,3.598672,160.0,14.0,54.6
2007-05-30 08:00:00,4.112768,160.0,13.5,57.19
2007-05-30 08:20:00,4.112768,190.0,15.0,51.18
2007-05-30 08:50:00,4.112768,180.0,16.0,48.0
2007-05-30 09:00:00,4.112768,180.0,16.3,47.09
2007-05-30 09:20:00,6.169152,200.0,17.0,42.0
2007-05-30 09:50:00,5.14096,170.0,18.0,42.28
2007-05-30 10:00:00,5.14096,170.0,17.7,43.09
2007-05-30 10:20:00,5.655056,180.0,18.0,45.32
2007-05-30 10:50:00,5.655056,180.0,18.0,48.55
2007-05-30 11:00:00,6.169152,180.0,18.33,46.35
2007-05-30 11:20:00,7.71144,190.0,18.0,48.55
2007-05-30 11:50:00,6.683248,180.0,18.0,51.98
2007-05-30 12:00:00,7.197344,180.0,18.1,51.31
2007-05-30 12:20:00,6.683248,200.0,18.0,51.98
2007-05-30 12:50:00,7.71144,190.0,18.0,51.98
2007-05-30 13:00:00,8.225536,190.0,18.33,51.36
2007-05-30 13:20:00,6.683248,190.0,18.0,55.63
2007-05-30 13:50:00,6.169152,190.0,18.0,55.63
2007-05-30 14:00:00,6.169152,190.0,17.6,55.9
2007-05-30 14:20:00,5.655056,200.0,18.0,51.98
2007-05-30 14:50:00,7.197344,190.0,17.0,59.26
2007-05-30 15:00:00,7.197344,200.0,17.4,57.0
2007-05-30 15:20:00,6.683248,190.0,17.0,59.26
2007-05-30 15:50:00,6.169152,180.0,17.0,59.26
2007-05-30 16:00:00,6.169152,180.0,17.22,60.11
2007-05-30 16:20:00,5.14096,190.0,17.0,63.38
2007-05-30 16:50:00,4.112768,180.0,17.0,63.38
2007-05-30 17:00:00,4.112768,180.0,16.8,64.19
2007-05-30 17:20:00,3.598672,190.0,17.0,63.38
2007-05-30 17:50:00,6.169152,180.0,16.0,67.54
2007-05-30 18:00:00,6.169152,180.0,16.2,67.13
2007-05-30 18:20:00,4.112768,170.0,16.0,67.54
2007-05-30 18:50:00,5.14096,180.0,16.0,67.54
2007-05-30 19:00:00,5.14096,180.0,15.9,67.97
2007-05-30 19:20:00,4.112768,170.0,15.0,72.01
2007-05-30 19:50:00,3.598672,170.0,16.0,67.54
2007-05-30 20:00:00,4.112768,170.0,15.56,70.68
2007-05-30 20:20:00,3.084576,160.0,15.0,72.01
2007-05-30 20:50:00,3.084576,160.0,15.0,72.01
2007-05-30 21:00:00,3.084576,160.0,15.0,73.47
2007-05-30 21:20:00,3.598672,170.0,15.0,72.01
2007-05-30 21:50:00,3.598672,180.0,15.0,72.01
2007-05-30 22:00:00,4.112768,180.0,14.8,74.43
2007-05-30 22:20:00,3.598672,190.0,15.0,76.98
2007-05-30 22:50:00,5.14096,200.0,15.0,76.98
2007-05-30 23:00:00,5.14096,200.0,14.7,77.96
2007-05-30 23:20:00,5.14096,200.0,14.0,87.74
2007-05-30 23:50:00,4.626864,210.0,14.0,87.74
2007-05-31 00:00:00,5.14096,210.0,13.7,85.99
2007-05-31 00:20:00,4.112768,200.0,13.0,93.65
2007-05-31 00:50:00,3.598672,200.0,13.0,87.65
2007-05-31 01:00:00,4.112768,200.0,13.1,88.24
2007-05-31 01:20:00,2.57048,200.0,13.0,87.65
2007-05-31 01:50:00,3.084576,180.0,12.0,93.6
2007-05-31 02:00:00,3.084576,180.0,12.3,89.95
2007-05-31 02:20:00,2.056384,170.0,12.0,93.6
2007-05-31 02:50:00,2.57048,170.0,12.0,93.6
2007-05-31 03:00:00,3.084576,170.0,12.3,89.95
2007-05-31 03:20:00,3.084576,180.0,12.0,93.6
2007-05-31 03:50:00,3.084576,280.0,11.0,93.55
2007-05-31 04:00:00,3.084576,280.0,11.2,89.87
2007-05-31 04:20:00,2.056384,250.0,11.0,93.55
2007-05-31 04:50:00,#VALUE!,,11.0,93.55
2007-05-31 05:00:00,1.028192,270.0,11.0,91.07
2007-05-31 05:20:00,0.514096,200.0,12.0,87.56
2007-05-31 05:50:00,#VALUE!,,12.0,87.56
2007-05-31 06:00:00,#VALUE!,,12.22,87.58
2007-05-31 06:20:00,#VALUE!,,13.0,81.99
2007-05-31 06:50:00,1.542288,170.0,13.0,87.65
2007-05-31 07:00:00,2.056384,170.0,12.78,86.47
2007-05-31 07:20:00,1.542288,180.0,14.0,76.82
2007-05-31 07:50:00,#VALUE!,,14.0,76.82
2007-05-31 08:00:00,1.028192,170.0,13.6,79.38
2007-05-31 08:20:00,2.056384,170.0,15.0,76.98
2007-05-31 08:50:00,#VALUE!,,15.0,72.01
2007-05-31 09:00:00,#VALUE!,,14.8,72.95
2007-05-31 09:20:00,#VALUE!,,16.0,67.54
2007-05-31 09:50:00,#VALUE!,,16.0,63.15
2007-05-31 10:00:00,#VALUE!,,16.3,63.64
2007-05-31 10:20:00,2.056384,210.0,17.0,63.38
2007-05-31 10:50:00,2.056384,230.0,16.0,67.54
2007-05-31 11:00:00,2.056384,230.0,16.3,64.51
2007-05-31 11:20:00,2.57048,350.0,17.0,72.38
2007-05-31 11:50:00,#VALUE!,,17.0,59.26
2007-05-31 12:00:00,1.028192,330.0,16.5,62.0
2007-05-31 12:20:00,1.542288,70.0,18.0,59.5
2007-05-31 12:50:00,1.542288,100.0,19.0,59.74
2007-05-31 13:00:00,2.056384,100.0,18.7,60.06
2007-05-31 13:20:00,1.542288,120.0,18.0,59.5
2007-05-31 13:50:00,3.598672,190.0,17.0,63.38
2007-05-31 14:00:00,4.112768,190.0,16.8,64.19
2007-05-31 14:20:00,5.14096,260.0,17.0,67.75
2007-05-31 14:50:00,2.57048,300.0,17.0,63.38
2007-05-31 15:00:00,3.084576,300.0,17.1,64.25
2007-05-31 15:20:00,3.598672,320.0,18.0,55.63
2007-05-31 15:50:00,2.056384,340.0,18.0,55.63
2007-05-31 16:00:00,2.056384,340.0,18.2,54.93
2007-05-31 16:50:00,2.056384,40.0,18.0,63.6
2007-05-31 17:00:00,2.056384,40.0,18.4,62.43
2007-05-31 17:20:00,1.542288,110.0,16.0,72.2
2007-05-31 17:50:00,#VALUE!,,16.0,77.14
2007-05-31 18:00:00,1.028192,120.0,15.56,77.57
2007-05-31 18:20:00,1.542288,50.0,17.0,72.38
2007-05-31 18:50:00,1.542288,90.0,16.0,72.2
2007-05-31 19:00:00,2.056384,90.0,16.0,73.65
2007-05-31 19:20:00,#VALUE!,,15.0,76.98
2007-05-31 19:50:00,#VALUE!,,14.0,82.12
2007-05-31 20:00:00,1.028192,90.0,14.44,77.4
2007-05-31 20:20:00,1.028192,110.0,14.0,82.12
2007-05-31 20:50:00,#VALUE!,,13.0,87.65
2007-05-31 21:00:00,1.028192,30.0,13.2,84.24
2007-05-31 21:20:00,2.056384,40.0,12.0,87.56
2007-05-31 21:50:00,1.028192,80.0,13.0,87.65
2007-05-31 22:00:00,1.028192,80.0,12.7,86.46
2007-05-31 22:20:00,#VALUE!,,12.0,87.56
2007-05-31 22:50:00,1.028192,150.0,11.0,93.55
2007-05-31 23:00:00,1.028192,150.0,11.2,89.87
2007-05-31 23:20:00,#VALUE!,,11.0,87.47
2007-05-31 23:50:00,#VALUE!,,10.0,93.5
